GCC,ACC,SCC,APL,assortativity,diameter,density,r_triangle,node_conn,edge_conn
0.0,0.0,0.0,0.0,0.0,0.0,0.0,0.0,0.0,0.0
0.0,0.0,0.0,0.375,0.0,0.1666,0.0476,0.0,0.0,0.0
0.0,0.0,0.0,0.5,-1.0,0.3333,0.0952,0.0,0.0,0.0
0.0,0.0,0.0,0.5625,-1.0,0.3333,0.1428,0.0,0.0,0.0
0.0,0.0,0.0,0.6,-1.0,0.3333,0.1904,0.0,0.0,0.0
0.0,0.0,0.0,0.625,-1.0,0.3333,0.238,0.0,0.0,0.0
0.0,0.0,0.0,0.643,-1.0,0.3333,0.2856,0.0,0.1666,0.1666
0.0,0.0,0.0,0.375,0.0,0.1666,0.0952,0.0,0.0,0.0
0.0,0.0,0.0,0.5,-0.5,0.3333,0.1428,0.0,0.0,0.0
0.0,0.0,0.0,0.5625,-0.6,0.3333,0.1904,0.0,0.0,0.0
0.0,0.0,0.0,0.6,-0.6665,0.3333,0.238,0.0,0.0,0.0
1.0,0.4285,0.0,0.375,0.0,0.1666,0.1428,0.02856,0.0,0.0
0.0,0.0,0.0,0.625,-0.5,0.5,0.1428,0.0,0.0,0.0
0.6,0.3333,0.0,0.5,-0.7144,0.3333,0.1904,0.02856,0.0,0.0
0.0,0.0,0.0,0.675,-0.6665,0.5,0.1904,0.0,0.0,0.0
0.375,0.3096,0.0,0.5625,-0.8057,0.3333,0.238,0.02856,0.0,0.0
0.0,0.0,0.0,0.7,-0.7393,0.5,0.238,0.0,0.0,0.0
0.25,0.3,0.0,0.6,-0.8335,0.3333,0.2856,0.02856,0.0,0.0
0.0,0.0,0.0,0.7144,-0.776,0.5,0.2856,0.0,0.1666,0.1666
0.1765,0.2952,0.0,0.625,-0.848,0.3333,0.3333,0.02856,0.1666,0.1666
0.0,0.0,0.0,0.5,-1.0,0.3333,0.1904,0.0,0.0,0.0
0.0,0.0,0.0,0.725,-0.6665,0.5,0.238,0.0,0.0,0.0
0.0,0.0,0.0,0.5625,-0.8423,0.3333,0.238,0.0,0.0,0.0
0.0,0.0,0.0,0.75,-0.7144,0.5,0.2856,0.0,0.1666,0.1666
0.4285,0.238,0.0,0.6,-0.5625,0.5,0.238,0.02856,0.0,0.0
0.0,0.0,0.0,0.8,-0.6665,0.6665,0.238,0.0,0.0,0.0
0.3,0.2142,0.0,0.65,-0.68,0.5,0.2856,0.02856,0.0,0.0
0.0,0.0,0.0,0.8213,-0.7144,0.6665,0.2856,0.0,0.1666,0.1666
0.2142,0.2047,0.0,0.6787,-0.737,0.5,0.3333,0.02856,0.1666,0.1666
0.0,0.0,0.5713,0.5,0.0,0.3333,0.1904,0.0,0.0,0.0
0.75,0.476,0.5713,0.4375,-0.6665,0.3333,0.238,0.05713,0.0,0.0
0.0,0.0,0.5713,0.6,-0.6665,0.5,0.238,0.0,0.0,0.0
0.5454,0.4285,0.5713,0.525,-0.7144,0.3333,0.2856,0.05713,0.0,0.0
0.0,0.0,0.5713,0.65,-0.7334,0.5,0.2856,0.0,0.0,0.0
0.4,0.4094,0.5713,0.575,-0.7656,0.3333,0.3333,0.05713,0.0,0.0
0.0,0.0,0.5713,0.6787,-0.75,0.5,0.3333,0.0,0.1666,0.1666
0.3,0.4,0.5713,0.607,-0.788,0.3333,0.3809,0.05713,0.1666,0.1666
0.0,0.0,0.0,0.857,-0.8623,0.6665,0.2856,0.0,0.1666,0.1666
0.2307,0.1904,0.0,0.6963,-0.711,0.5,0.3333,0.02856,0.1666,0.1666
0.0,0.0,0.4285,0.7,-0.8,0.6665,0.2856,0.0,0.0,0.0
0.4285,0.3809,0.4285,0.6,-0.7,0.5,0.3333,0.05713,0.0,0.0
0.0,0.0,0.3809,0.75,-0.836,0.6665,0.3333,0.0,0.1666,0.1666
0.3333,0.3618,0.3809,0.643,-0.7437,0.5,0.3809,0.05713,0.1666,0.1666
0.0,0.0,0.7144,0.525,-1.0,0.3333,0.2856,0.0,0.0,0.0
0.6,0.5713,0.7144,0.4875,-0.75,0.3333,0.3333,0.0857,0.0,0.0
0.0,0.0,0.7144,0.6,-0.8667,0.5,0.3333,0.0,0.0,0.0
0.4736,0.543,0.7144,0.55,-0.7637,0.3333,0.3809,0.0857,0.0,0.0
0.0,0.0,0.7144,0.643,-0.8237,0.5,0.3809,0.0,0.1666,0.1666
0.375,0.529,0.7144,0.5894,-0.7812,0.3333,0.4285,0.0857,0.1666,0.1666
0.0,0.0,0.5713,0.6787,-0.931,0.6665,0.3809,0.0,0.1666,0.1666
0.3914,0.514,0.5713,0.607,-0.7754,0.5,0.4285,0.0857,0.1666,0.1666
0.0,0.0,0.857,0.55,-1.0,0.3333,0.3809,0.0,0.0,0.0
0.5,0.6855,0.857,0.525,-0.8,0.3333,0.4285,0.11426,0.0,0.0
0.0,0.0,0.857,0.607,-0.9365,0.5,0.4285,0.0,0.1666,0.1666
0.4138,0.6665,0.857,0.5713,-0.805,0.3333,0.476,0.11426,0.1666,0.1666
0.0,0.0,1.0,0.5713,-1.0,0.3333,0.476,0.0,0.3333,0.3333
0.4285,0.8096,1.0,0.5537,-0.8335,0.3333,0.524,0.1428,0.3333,0.3333
0.0,0.0,0.0,0.375,0.0,0.1666,0.1428,0.0,0.0,0.0
0.0,0.0,0.0,0.5,-0.3333,0.3333,0.1904,0.0,0.0,0.0
1.0,0.4285,0.0,0.375,1.0,0.1666,0.1904,0.02856,0.0,0.0
0.0,0.0,0.0,0.625,0.0,0.5,0.1904,0.0,0.0,0.0
0.6,0.3333,0.0,0.5,-0.0,0.3333,0.238,0.02856,0.0,0.0
0.0,0.0,0.0,0.675,-0.3157,0.5,0.238,0.0,0.0,0.0
0.375,0.3096,0.0,0.5625,-0.3928,0.3333,0.2856,0.02856,0.0,0.0
0.0,0.0,0.0,0.75,-0.3333,0.6665,0.1904,0.0,0.0,0.0
0.5,0.3333,0.0,0.6377,-0.1111,0.5,0.238,0.02856,0.0,0.0
0.6,0.619,0.0,0.525,-0.5,0.3333,0.2856,0.05713,0.0,0.0
0.0,0.0,0.0,0.775,-0.3333,0.6665,0.238,0.0,0.0,0.0
0.3333,0.3096,0.0,0.675,-0.4666,0.5,0.2856,0.02856,0.0,0.0
0.4285,0.6,0.0,0.575,-0.625,0.3333,0.3333,0.05713,0.0,0.0
0.0,0.0,0.0,0.7856,-0.5,0.6665,0.2856,0.0,0.1666,0.1666
0.2307,0.3,0.0,0.6963,-0.591,0.5,0.3333,0.02856,0.1666,0.1666
0.3157,0.5903,0.0,0.607,-0.6826,0.3333,0.3809,0.05713,0.1666,0.1666
0.4285,0.238,0.0,0.6,-0.0345,0.5,0.2856,0.02856,0.0,0.0
0.0,0.0,0.5713,0.5,1.0,0.3333,0.238,0.0,0.0,0.0
0.75,0.476,0.5713,0.4375,0.4,0.3333,0.2856,0.05713,0.0,0.0
0.0,0.0,0.5713,0.6,-0.0,0.5,0.2856,0.0,0.0,0.0
0.5454,0.4285,0.5713,0.525,-0.1476,0.3333,0.3333,0.05713,0.0,0.0
0.75,0.4285,0.0,0.375,-0.25,0.1666,0.238,0.02856,0.0,0.0
0.375,0.3333,0.0,0.7,-0.5,0.5,0.2856,0.02856,0.0,0.0
0.0,0.0,0.0,0.625,-0.6665,0.5,0.238,0.0,0.0,0.0
0.0,0.0,0.0,0.8213,-0.4482,0.6665,0.2856,0.0,0.1666,0.1666
0.5,0.3333,0.0,0.5,-0.3333,0.3333,0.2856,0.02856,0.0,0.0
0.2727,0.3096,0.0,0.732,-0.4917,0.5,0.3333,0.02856,0.1666,0.1666
0.0,0.0,0.0,0.875,-0.25,0.8335,0.238,0.0,0.0,0.0
0.375,0.238,0.0,0.725,-0.2,0.6665,0.2856,0.02856,0.0,0.0
0.4285,0.3333,0.0,0.775,-0.0909,0.6665,0.2856,0.02856,0.0,0.0
0.5,0.524,0.0,0.625,-0.4,0.5,0.3333,0.05713,0.0,0.0
0.0,0.0,0.0,0.893,-0.3333,0.8335,0.2856,0.0,0.1666,0.1666
0.2727,0.2142,0.0,0.75,-0.377,0.6665,0.3333,0.02856,0.1666,0.1666
0.3,0.3096,0.0,0.8037,-0.426,0.6665,0.3333,0.02856,0.1666,0.1666
0.375,0.505,0.0,0.6606,-0.5293,0.5,0.3809,0.05713,0.1666,0.1666
0.0,0.0,0.476,0.725,-0.0909,0.6665,0.2856,0.0,0.0,0.0
0.5,0.4285,0.457,0.65,-0.2444,0.5,0.3333,0.05713,0.0,0.0
0.2727,0.3096,0.457,0.625,-0.4,0.5,0.3333,0.02856,0.0,0.0
0.5293,0.7095,0.4443,0.55,-0.5137,0.3333,0.3809,0.0857,0.0,0.0
0.0,0.0,0.476,0.75,-0.426,0.6665,0.3333,0.0,0.1666,0.1666
0.375,0.4094,0.457,0.6787,-0.4707,0.5,0.3809,0.05713,0.1666,0.1666
0.2,0.3,0.457,0.6606,-0.5405,0.5,0.3809,0.02856,0.1666,0.1666
0.4092,0.6953,0.4443,0.5894,-0.6016,0.3333,0.4285,0.0857,0.1666,0.1666
0.0,0.0,0.7144,0.525,0.125,0.3333,0.3333,0.0,0.0,0.0
0.6,0.5713,0.7144,0.4875,-0.10345,0.3333,0.3809,0.0857,0.0,0.0
0.3333,0.3333,0.0,0.8394,-0.75,0.6665,0.3333,0.02856,0.1666,0.1666
0.4,0.5,0.0,0.6787,-0.563,0.5,0.3809,0.05713,0.1666,0.1666
0.0,0.0,0.3333,0.8213,-0.4583,0.8335,0.3333,0.0,0.1666,0.1666
0.4,0.3809,0.3096,0.7144,-0.3794,0.6665,0.3809,0.05713,0.1666,0.1666
0.2307,0.3096,0.2666,0.732,-0.6,0.6665,0.3809,0.02856,0.1666,0.1666
0.45,0.662,0.251,0.625,-0.538,0.5,0.4285,0.0857,0.1666,0.1666
0.0,0.0,0.643,0.7144,-0.4546,0.6665,0.3809,0.0,0.1666,0.1666
0.45,0.543,0.619,0.6606,-0.424,0.5,0.4285,0.0857,0.1666,0.1666
0.1666,0.3,0.619,0.625,-0.6,0.5,0.4285,0.02856,0.1666,0.3333
0.4614,0.8237,0.6,0.5713,-0.579,0.3333,0.476,0.11426,0.1666,0.3333
0.5,0.4285,0.0,0.5625,-1.0,0.3333,0.2856,0.02856,0.0,0.0
1.0,0.5713,0.5713,0.375,0.0,0.1666,0.2856,0.11426,0.0,0.0
0.8,0.5,0.5713,0.4875,-0.5557,0.3333,0.3333,0.11426,0.0,0.0
0.4614,0.3572,0.3809,0.625,-0.604,0.5,0.3333,0.05713,0.0,0.0
0.6313,0.4714,0.5713,0.55,-0.7085,0.3333,0.3809,0.11426,0.0,0.0
0.2727,0.3333,0.0,0.732,-0.721,0.5,0.3333,0.02856,0.1666,0.1666
0.353,0.3477,0.3572,0.6606,-0.7188,0.5,0.3809,0.05713,0.1666,0.1666
0.5,0.457,0.5713,0.5894,-0.759,0.3333,0.4285,0.11426,0.1666,0.1666
0.0,0.0,0.0,0.5625,0.0,0.3333,0.238,0.0,0.0,0.0
0.0,0.0,0.0,0.65,-0.636,0.5,0.2856,0.0,0.0,0.0
0.0,0.0,0.0,0.9287,-0.6665,0.8335,0.2856,0.0,0.1666,0.1666
0.0,0.0,0.0,0.6963,-0.685,0.5,0.3333,0.0,0.1666,0.1666
0.3333,0.1428,0.0,0.675,-0.3333,0.5,0.2856,0.02856,0.0,0.0
0.25,0.119,0.0,0.7144,-0.4849,0.5,0.3333,0.02856,0.1666,0.1666
0.2727,0.2142,0.0,0.768,-0.4917,0.6665,0.3333,0.02856,0.1666,0.1666
0.6,0.3809,0.4285,0.5625,-0.2856,0.5,0.2856,0.05713,0.0,0.0
0.3333,0.238,0.4285,0.525,-0.3333,0.3333,0.2856,0.02856,0.0,0.0
0.643,0.548,0.643,0.4875,-0.5,0.3333,0.3333,0.0857,0.0,0.0
0.0,0.0,0.5713,0.675,-0.5,0.5,0.2856,0.0,0.0,0.0
0.4614,0.3333,0.4048,0.625,-0.4583,0.5,0.3333,0.05713,0.0,0.0
0.25,0.2142,0.4285,0.6,-0.5557,0.5,0.3333,0.02856,0.0,0.0
0.5,0.519,0.643,0.55,-0.6294,0.3333,0.3809,0.0857,0.0,0.0
0.0,0.0,0.5713,0.7144,-0.6064,0.5,0.3333,0.0,0.1666,0.1666
0.353,0.3142,0.3928,0.6606,-0.6,0.5,0.3809,0.05713,0.1666,0.1666
0.1875,0.2047,0.4285,0.643,-0.647,0.5,0.3809,0.02856,0.1666,0.1666
0.3914,0.505,0.643,0.5894,-0.6875,0.3333,0.4285,0.0857,0.1666,0.1666
0.6665,0.4285,0.5,0.575,-0.4666,0.5,0.3809,0.11426,0.0,0.0
0.4,0.262,0.3333,0.732,-0.524,0.6665,0.3809,0.05713,0.1666,0.1666
0.5454,0.4,0.457,0.625,-0.6025,0.5,0.4285,0.11426,0.1666,0.1666
0.7896,0.619,0.7144,0.45,-0.5483,0.3333,0.3809,0.1428,0.0,0.0
0.375,0.262,0.543,0.575,-0.6,0.5,0.3809,0.05713,0.0,0.0
0.6523,0.581,0.7144,0.525,-0.636,0.3333,0.4285,0.1428,0.0,0.0
0.2142,0.238,0.2856,0.6787,-0.7334,0.5,0.3809,0.02856,0.1666,0.1666
0.4285,0.481,0.4524,0.625,-0.647,0.5,0.4285,0.0857,0.1666,0.1666
0.3,0.2524,0.524,0.625,-0.718,0.5,0.4285,0.05713,0.1666,0.1666
0.5356,0.562,0.7144,0.5713,-0.703,0.3333,0.476,0.1428,0.1666,0.1666
0.0,0.0,0.0,0.732,-0.75,0.6665,0.3333,0.0,0.1666,0.1666
0.2,0.1904,0.4285,0.6606,-0.563,0.5,0.3809,0.02856,0.1666,0.1666
0.0,0.0,0.238,0.575,-0.75,0.3333,0.3333,0.0,0.0,0.0
0.375,0.3809,0.5713,0.55,-0.5,0.3333,0.3809,0.05713,0.0,0.0
0.0,0.0,0.1904,0.643,-0.7456,0.5,0.3809,0.0,0.1666,0.1666
0.3,0.3618,0.524,0.607,-0.5947,0.5,0.4285,0.05713,0.1666,0.1666
0.375,0.3096,0.3618,0.6787,-0.5454,0.5,0.3809,0.05713,0.1666,0.1666
0.5293,0.5,0.51,0.575,-0.524,0.5,0.3809,0.0857,0.0,0.0
0.375,0.2856,0.238,0.6787,-0.4546,0.5,0.3809,0.05713,0.1666,0.1666
0.2142,0.2142,0.2905,0.6963,-0.6,0.6665,0.3809,0.02856,0.1666,0.1666
0.4285,0.4714,0.462,0.625,-0.5884,0.5,0.4285,0.0857,0.1666,0.1666
0.5293,0.476,0.6,0.6,-0.3967,0.5,0.3809,0.0857,0.0,0.0
0.2,0.2142,0.586,0.55,-0.641,0.3333,0.3809,0.02856,0.0,0.0
0.5454,0.6523,0.7856,0.525,-0.5884,0.3333,0.4285,0.11426,0.0,0.0
0.0,0.0,0.7144,0.6787,-0.6,0.5,0.3809,0.0,0.1666,0.1666
0.4285,0.4475,0.586,0.643,-0.5293,0.5,0.4285,0.0857,0.1666,0.1666
0.1578,0.2047,0.586,0.607,-0.679,0.5,0.4285,0.02856,0.1666,0.1666
0.4443,0.6333,0.7856,0.5713,-0.6494,0.3333,0.476,0.11426,0.1666,0.1666
0.3157,0.238,0.4626,0.6606,-0.6875,0.6665,0.4285,0.05713,0.1666,0.1666
0.5557,0.543,0.6094,0.5894,-0.6416,0.5,0.476,0.1428,0.1666,0.1666
0.3,0.238,0.694,0.525,-0.8,0.3333,0.4285,0.05713,0.0,0.0
0.643,0.7144,0.857,0.5,-0.6665,0.3333,0.476,0.1714,0.0,0.0
0.25,0.2285,0.6787,0.5894,-0.8057,0.5,0.476,0.05713,0.1666,0.1666
0.5454,0.6904,0.857,0.5537,-0.7,0.3333,0.524,0.1714,0.1666,0.1666
0.0,0.0,0.4285,0.5894,-0.8,0.3333,0.4285,0.0,0.3333,0.3333
0.36,0.514,0.735,0.5713,-0.6,0.3333,0.476,0.0857,0.3333,0.3333
0.1666,0.2142,0.4666,0.625,-0.778,0.5,0.4285,0.02856,0.1666,0.1666
0.4614,0.624,0.647,0.5894,-0.6357,0.5,0.476,0.11426,0.1666,0.1666
0.0,0.0,0.857,0.643,-0.6665,0.5,0.4285,0.0,0.1666,0.1666
0.4614,0.5903,0.7617,0.625,-0.542,0.5,0.476,0.11426,0.1666,0.1666
0.1305,0.2047,0.7383,0.5713,-0.788,0.3333,0.476,0.02856,0.3333,0.3333
0.4688,0.7715,0.934,0.5537,-0.661,0.3333,0.524,0.1428,0.3333,0.3333
0.2069,0.219,0.8286,0.5537,-0.887,0.3333,0.524,0.05713,0.3333,0.3333
0.5386,0.8286,1.0,0.5356,-0.7256,0.3333,0.5713,0.2,0.3333,0.3333
0.0,0.0,0.457,0.7856,-0.4583,0.6665,0.3333,0.0,0.1666,0.1666
0.3,0.238,0.0,0.7856,-0.4849,0.6665,0.3333,0.02856,0.1666,0.1666
0.3333,0.238,0.0,0.857,-0.1666,0.8335,0.3333,0.02856,0.1666,0.1666
0.4285,0.4285,0.0,0.7144,-0.3333,0.6665,0.3809,0.05713,0.1666,0.1666
0.2307,0.2142,0.449,0.7144,-0.309,0.6665,0.3809,0.02856,0.1666,0.1666
0.0,0.0,0.5713,0.5,-0.2,0.3333,0.2856,0.0,0.0,0.0
0.6665,0.476,0.5713,0.4375,0.125,0.3333,0.3333,0.05713,0.0,0.0
0.4285,0.4285,0.4443,0.7144,-0.3333,0.5,0.3809,0.05713,0.1666,0.1666
0.0,0.0,0.476,0.857,-0.0769,0.8335,0.3333,0.0,0.1666,0.1666
0.4614,0.4285,0.457,0.7856,-0.1637,0.6665,0.3809,0.05713,0.1666,0.1666
0.4736,0.6143,0.4395,0.643,-0.4104,0.5,0.4285,0.0857,0.1666,0.1666
0.0,0.0,0.905,0.7144,-0.3333,0.6665,0.3809,0.0,0.1666,0.3333
0.3333,0.4094,0.8857,0.643,-0.4,0.5,0.4285,0.05713,0.1666,0.3333
0.48,0.8,0.873,0.5713,-0.509,0.3333,0.476,0.11426,0.1666,0.3333
0.45,0.4524,0.3743,0.643,-0.4712,0.5,0.4285,0.0857,0.1666,0.1666
0.1666,0.1904,0.586,0.625,-0.5557,0.5,0.4285,0.02856,0.1666,0.1666
0.45,0.4524,0.551,0.6606,-0.4712,0.5,0.4285,0.0857,0.1666,0.1666
0.3333,0.3809,0.4404,0.643,-0.4443,0.5,0.4285,0.05713,0.1666,0.1666
0.48,0.605,0.6284,0.607,-0.515,0.5,0.476,0.11426,0.1666,0.1666
0.0,0.0,0.2952,0.5894,-0.8,0.3333,0.4285,0.0,0.3333,0.3333
0.261,0.3618,0.6562,0.5713,-0.5894,0.3333,0.476,0.05713,0.3333,0.3333
0.484,0.7617,0.9185,0.5537,-0.5923,0.3333,0.524,0.1428,0.3333,0.3333
0.0,0.0,0.4285,0.75,-0.4849,0.6665,0.3333,0.0,0.1666,0.1666
0.0,0.0,0.0,0.7144,-0.4583,0.5,0.3333,0.0,0.1666,0.1666
0.2727,0.238,0.3215,0.625,-0.4736,0.5,0.3333,0.02856,0.0,0.0
0.2142,0.2142,0.3215,0.6787,-0.4666,0.5,0.3809,0.02856,0.1666,0.1666
0.0,0.0,0.0,0.675,0.0,0.5,0.2856,0.0,0.0,0.0
0.3,0.238,0.0,0.6,-0.1666,0.5,0.3333,0.02856,0.0,0.0
0.4,0.4285,0.2347,0.55,-0.4358,0.3333,0.3809,0.05713,0.0,0.0
0.0,0.0,0.0,0.75,-0.615,0.6665,0.3333,0.0,0.1666,0.1666
0.2307,0.2142,0.0,0.6606,-0.4546,0.5,0.3809,0.02856,0.1666,0.1666
0.3157,0.4094,0.2347,0.607,-0.545,0.5,0.4285,0.05713,0.1666,0.1666
0.5,0.2856,0.3572,0.675,-0.1666,0.6665,0.3333,0.05713,0.0,0.0
0.4,0.238,0.3452,0.7144,-0.2698,0.6665,0.3809,0.05713,0.1666,0.1666
0.2727,0.1428,0.3572,0.625,-0.1053,0.5,0.3333,0.02856,0.0,0.0
0.2142,0.119,0.35,0.6787,-0.3333,0.5,0.3809,0.02856,0.1666,0.1666
0.5625,0.4524,0.5264,0.6,-0.2,0.5,0.3809,0.0857,0.0,0.0
0.4285,0.3333,0.2856,0.75,-0.2,0.6665,0.3809,0.05713,0.1666,0.1666
0.45,0.4238,0.517,0.643,-0.4426,0.5,0.4285,0.0857,0.1666,0.1666
0.0,0.0,0.7617,0.625,-0.1666,0.5,0.3333,0.0,0.0,0.0
0.4,0.3333,0.595,0.575,-0.2307,0.5,0.3809,0.05713,0.0,0.0
0.5713,0.6284,0.718,0.525,-0.4546,0.3333,0.4285,0.11426,0.0,0.0
0.0,0.0,0.7617,0.6787,-0.4546,0.5,0.3809,0.0,0.1666,0.1666
0.3157,0.3142,0.5835,0.625,-0.4775,0.5,0.4285,0.05713,0.1666,0.1666
0.4614,0.6094,0.718,0.5713,-0.5693,0.3333,0.476,0.11426,0.1666,0.1666
0.5713,0.643,0.4714,0.525,-0.5,0.3333,0.4285,0.11426,0.0,0.0
0.3333,0.4048,0.2063,0.625,-0.5557,0.5,0.4285,0.05713,0.1666,0.1666
0.48,0.6143,0.3953,0.5894,-0.5757,0.5,0.476,0.11426,0.1666,0.1666
0.5713,0.3572,0.3928,0.643,-0.3635,0.5,0.4285,0.11426,0.1666,0.1666
0.3157,0.2142,0.5215,0.643,-0.4624,0.5,0.4285,0.05713,0.1666,0.1666
0.6816,0.548,0.619,0.55,-0.3845,0.5,0.4285,0.1428,0.0,0.0
0.4736,0.4048,0.4297,0.6787,-0.35,0.6665,0.4285,0.0857,0.1666,0.1666
0.577,0.51,0.5884,0.607,-0.4934,0.5,0.476,0.1428,0.1666,0.1666
0.45,0.4048,0.596,0.525,-0.44,0.3333,0.4285,0.0857,0.0,0.0
0.6665,0.6904,0.802,0.5,-0.5317,0.3333,0.476,0.1714,0.0,0.0
0.1765,0.1428,0.3027,0.625,-0.698,0.5,0.4285,0.02856,0.1666,0.1666
0.375,0.3857,0.5566,0.5894,-0.597,0.5,0.476,0.0857,0.1666,0.1666
0.5625,0.6665,0.802,0.5537,-0.621,0.3333,0.524,0.1714,0.1666,0.1666
0.0,0.0,0.219,0.6606,-0.6665,0.5,0.3809,0.0,0.1666,0.1666
0.25,0.238,0.0,0.6963,-0.6665,0.6665,0.3809,0.02856,0.1666,0.1666
0.0,0.0,0.238,0.6787,-0.6,0.5,0.3809,0.0,0.3333,0.3333
0.353,0.3809,0.1904,0.625,-0.35,0.5,0.4285,0.05713,0.3333,0.3333
0.1875,0.2142,0.1632,0.607,-0.62,0.5,0.4285,0.02856,0.3333,0.3333
0.3914,0.567,0.3076,0.5713,-0.523,0.3333,0.476,0.0857,0.3333,0.3333
0.5,0.476,0.493,0.732,-0.1111,0.6665,0.4285,0.0857,0.1666,0.1666
0.1765,0.119,0.518,0.643,-0.3584,0.5,0.4285,0.02856,0.1666,0.1666
0.5,0.557,0.669,0.625,-0.389,0.5,0.476,0.11426,0.1666,0.1666
0.4736,0.4285,0.493,0.6606,-0.4624,0.5,0.4285,0.0857,0.1666,0.1666
0.3333,0.2856,0.488,0.643,-0.3333,0.5,0.4285,0.05713,0.1666,0.1666
0.353,0.3333,0.4644,0.6787,-0.3584,0.6665,0.4285,0.05713,0.1666,0.1666
0.5,0.581,0.568,0.607,-0.4583,0.5,0.476,0.11426,0.1666,0.1666
0.0,0.0,0.895,0.643,-0.44,0.5,0.4285,0.0,0.3333,0.3333
0.3914,0.4475,0.766,0.607,-0.3906,0.5,0.476,0.0857,0.3333,0.3333
0.2727,0.3142,0.72,0.5894,-0.508,0.5,0.476,0.05713,0.3333,0.3333
0.5,0.7383,0.847,0.5537,-0.528,0.3333,0.524,0.1428,0.3333,0.3333
0.5,0.7573,0.5396,0.5537,-0.5854,0.3333,0.524,0.1428,0.3333,0.3333
0.5806,0.643,0.7363,0.5894,-0.5024,0.5,0.524,0.1714,0.1666,0.1666
0.5806,0.6523,0.693,0.5713,-0.556,0.5,0.524,0.1714,0.1666,0.1666
0.1428,0.119,0.4644,0.5713,-0.7393,0.3333,0.476,0.02856,0.3333,0.3333
0.4138,0.529,0.7095,0.5537,-0.564,0.3333,0.524,0.11426,0.3333,0.3333
0.3215,0.3618,0.692,0.5537,-0.6753,0.3333,0.524,0.0857,0.3333,0.3333
0.5674,0.7954,0.9233,0.5356,-0.612,0.3333,0.5713,0.2,0.3333,0.3333
0.2142,0.119,0.3333,0.6787,-0.4666,0.5,0.3809,0.02856,0.1666,0.1666
0.4614,0.2856,0.5713,0.4875,-0.1666,0.3333,0.3333,0.05713,0.0,0.0
0.6665,0.476,0.643,0.45,-0.3333,0.3333,0.3809,0.11426,0.0,0.0
0.0,0.0,0.7144,0.625,-0.4736,0.5,0.3333,0.0,0.0,0.0
0.375,0.238,0.548,0.575,-0.4,0.5,0.3809,0.05713,0.0,0.0
0.5454,0.438,0.643,0.525,-0.5654,0.3333,0.4285,0.11426,0.0,0.0
0.0,0.0,0.7144,0.6787,-0.6,0.5,0.3809,0.0,0.1666,0.1666
0.3,0.219,0.5356,0.625,-0.58,0.5,0.4285,0.05713,0.1666,0.1666
0.4443,0.419,0.643,0.5713,-0.6475,0.3333,0.476,0.11426,0.1666,0.1666
0.577,0.519,0.561,0.607,-0.5586,0.5,0.476,0.1428,0.1666,0.1666
0.875,0.643,0.7144,0.4126,-0.5,0.3333,0.4285,0.2,0.0,0.0
0.5713,0.4285,0.5713,0.55,-0.4,0.5,0.4285,0.11426,0.0,0.0
0.75,0.595,0.7144,0.5,-0.5625,0.3333,0.476,0.2,0.0,0.0
0.3333,0.2856,0.4082,0.6606,-0.6665,0.5,0.4285,0.05713,0.1666,0.1666
0.48,0.4094,0.524,0.607,-0.6294,0.5,0.476,0.11426,0.1666,0.1666
0.636,0.5713,0.7144,0.5537,-0.6665,0.3333,0.524,0.2,0.1666,0.1666
0.1765,0.119,0.3147,0.625,-0.5283,0.5,0.4285,0.02856,0.1666,0.1666
0.375,0.3762,0.5547,0.5894,-0.528,0.5,0.476,0.0857,0.1666,0.1666
0.4,0.2856,0.457,0.6,-0.06665,0.5,0.3809,0.05713,0.0,0.0
0.0,0.0,0.643,0.7144,-0.2903,0.6665,0.3809,0.0,0.1666,0.1666
0.3157,0.1904,0.4524,0.643,-0.35,0.5,0.4285,0.05713,0.1666,0.1666
0.3333,0.238,0.4048,0.6787,-0.3333,0.6665,0.4285,0.05713,0.1666,0.1666
0.48,0.3904,0.533,0.607,-0.4814,0.5,0.476,0.11426,0.1666,0.1666
0.0,0.0,0.857,0.575,-0.3333,0.5,0.3809,0.0,0.0,0.0
0.45,0.3809,0.7144,0.55,-0.26,0.5,0.4285,0.0857,0.0,0.0
0.3157,0.238,0.6333,0.525,-0.3845,0.3333,0.4285,0.05713,0.0,0.0
0.577,0.5713,0.7754,0.5,-0.4893,0.3333,0.476,0.1428,0.0,0.0
0.0,0.0,0.857,0.643,-0.5283,0.5,0.4285,0.0,0.1666,0.1666
0.375,0.3523,0.7,0.607,-0.4583,0.5,0.476,0.0857,0.1666,0.1666
0.261,0.219,0.6216,0.5894,-0.5703,0.5,0.476,0.05713,0.1666,0.1666
0.484,0.548,0.7754,0.5537,-0.583,0.3333,0.524,0.1428,0.1666,0.1666
0.6562,0.548,0.6577,0.5713,-0.5376,0.5,0.524,0.2,0.1666,0.1666
0.727,0.719,0.857,0.475,-0.5835,0.3333,0.524,0.2285,0.0,0.0
0.2727,0.238,0.5205,0.607,-0.6665,0.5,0.476,0.05713,0.1666,0.1666
0.5,0.543,0.673,0.5713,-0.5713,0.5,0.524,0.1428,0.1666,0.1666
0.4138,0.3618,0.655,0.5713,-0.674,0.5,0.524,0.11426,0.1666,0.1666
0.6313,0.6904,0.857,0.5356,-0.636,0.3333,0.5713,0.2285,0.1666,0.1666
0.0,0.0,1.0,0.607,-0.594,0.5,0.476,0.0,0.3333,0.3333
0.4138,0.495,0.868,0.5894,-0.4558,0.5,0.524,0.11426,0.3333,0.3333
0.2222,0.219,0.745,0.5537,-0.7056,0.3333,0.524,0.05713,0.3333,0.3333
0.5,0.6855,0.9185,0.5356,-0.593,0.3333,0.5713,0.1714,0.3333,0.3333
0.353,0.3428,0.7905,0.5356,-0.787,0.3333,0.5713,0.11426,0.3333,0.3333
0.614,0.8237,1.0,0.518,-0.6626,0.3333,0.619,0.257,0.3333,0.3333
0.2727,0.3809,0.3904,0.5713,-0.6665,0.3333,0.476,0.05713,0.3333,0.3333
0.3914,0.3809,0.5103,0.607,-0.5386,0.5,0.476,0.0857,0.1666,0.1666
0.2856,0.2856,0.387,0.5894,-0.4492,0.5,0.476,0.05713,0.3333,0.3333
0.4285,0.533,0.518,0.5537,-0.53,0.3333,0.524,0.11426,0.3333,0.3333
0.5,0.3809,0.493,0.643,-0.4285,0.6665,0.476,0.11426,0.1666,0.1666
0.2727,0.1904,0.5483,0.607,-0.3635,0.5,0.476,0.05713,0.1666,0.1666
0.4092,0.3809,0.5713,0.6606,-0.2122,0.6665,0.476,0.0857,0.1666,0.1666
0.517,0.524,0.655,0.5894,-0.4348,0.5,0.524,0.1428,0.1666,0.1666
0.0,0.0,0.932,0.607,-0.5,0.5,0.476,0.0,0.3333,0.3333
0.3333,0.3523,0.751,0.5713,-0.4497,0.5,0.524,0.0857,0.3333,0.3333
0.514,0.6763,0.864,0.5356,-0.5273,0.3333,0.5713,0.1714,0.3333,0.3333
0.5835,0.7856,0.7236,0.5356,-0.5713,0.3333,0.5713,0.2,0.3333,0.3333
0.4412,0.495,0.75,0.5356,-0.5957,0.3333,0.5713,0.1428,0.3333,0.3333
0.628,0.8096,0.95,0.518,-0.6064,0.3333,0.619,0.257,0.3333,0.3333
0.261,0.1904,0.6714,0.607,-0.5386,0.5,0.476,0.05713,0.1666,0.1666
0.48,0.3809,0.6875,0.5,-0.5557,0.3333,0.476,0.11426,0.0,0.0
0.4138,0.3428,0.642,0.5713,-0.5146,0.5,0.524,0.11426,0.1666,0.1666
0.0,0.0,0.857,0.525,0.0,0.3333,0.4285,0.0,0.0,0.0
0.375,0.2856,0.7144,0.5,-0.25,0.3333,0.476,0.0857,0.0,0.0
0.5806,0.514,0.7754,0.475,-0.507,0.3333,0.524,0.1714,0.0,0.0
0.0,0.0,0.857,0.607,-0.5386,0.5,0.476,0.0,0.1666,0.1666
0.3215,0.257,0.7,0.5713,-0.4915,0.5,0.524,0.0857,0.1666,0.1666
0.5,0.4856,0.7754,0.5356,-0.5713,0.3333,0.5713,0.1714,0.1666,0.1666
0.6484,0.6714,0.77,0.5537,-0.533,0.5,0.5713,0.2285,0.1666,0.1666
0.769,0.7285,0.857,0.45,-0.6,0.3333,0.5713,0.2856,0.0,0.0
0.514,0.4856,0.7144,0.5537,-0.581,0.5,0.5713,0.1714,0.1666,0.1666
0.6816,0.6953,0.857,0.518,-0.6196,0.3333,0.619,0.2856,0.1666,0.1666
0.2307,0.1904,0.595,0.5537,-0.6807,0.3333,0.524,0.05713,0.3333,0.3333
0.3333,0.2856,0.607,0.5894,-0.5713,0.5,0.524,0.0857,0.1666,0.1666
0.0,0.0,1.0,0.5713,-0.674,0.5,0.524,0.0,0.3333,0.3333
0.3635,0.4,0.857,0.5537,-0.4736,0.5,0.5713,0.11426,0.3333,0.3333
0.2812,0.257,0.789,0.5356,-0.6553,0.3333,0.5713,0.0857,0.3333,0.3333
0.512,0.624,0.914,0.518,-0.5864,0.3333,0.619,0.2,0.3333,0.3333
0.66,0.8237,1.0,0.5,-0.643,0.3333,0.6665,0.3142,0.3333,0.3333
0.45,0.457,0.8223,0.518,-0.696,0.3333,0.619,0.1714,0.3333,0.3333
0.0,0.0,1.0,0.5356,-1.0,0.3333,0.5713,0.0,0.5,0.5
0.3157,0.3047,0.857,0.518,-0.648,0.3333,0.619,0.11426,0.5,0.5
0.5107,0.5713,0.914,0.5,-0.65,0.3333,0.6665,0.2285,0.5,0.5
0.684,0.8286,1.0,0.4822,-0.6665,0.3333,0.7144,0.3713,0.5,0.5
1.0,0.4285,0.0,0.375,1.0,0.1666,0.238,0.02856,0.0,0.0
0.0,0.0,0.0,0.75,0.1666,0.6665,0.238,0.0,0.0,0.0
0.5,0.3333,0.0,0.6377,0.3333,0.5,0.2856,0.02856,0.0,0.0
0.6,0.619,0.0,0.525,-0.03705,0.3333,0.3333,0.05713,0.0,0.0
0.0,0.0,0.0,0.857,0.0,0.6665,0.2856,0.0,0.1666,0.1666
0.3,0.3096,0.0,0.768,-0.1666,0.6665,0.3333,0.02856,0.1666,0.1666
0.4,0.6,0.0,0.6787,-0.363,0.5,0.3809,0.05713,0.1666,0.1666
0.4285,0.8857,0.0,0.5894,-0.5,0.3333,0.4285,0.0857,0.1666,0.3333
1.0,0.857,0.0,0.375,0.0,0.1666,0.2856,0.05713,0.0,0.0
0.75,0.7617,0.0,0.5,-0.615,0.3333,0.3333,0.05713,0.0,0.0
1.0,0.5713,0.5713,0.375,1.0,0.1666,0.3333,0.11426,0.0,0.0
0.6,0.3809,0.4285,0.5625,0.3635,0.5,0.3333,0.05713,0.0,0.0
0.8,0.5,0.5713,0.4875,0.238,0.3333,0.3809,0.11426,0.0,0.0
0.6,0.6665,0.0,0.675,-0.1666,0.5,0.3333,0.05713,0.0,0.0
0.5454,0.3809,0.3142,0.7,0.2632,0.6665,0.3333,0.05713,0.0,0.0
0.75,0.5,0.476,0.625,0.2,0.5,0.3809,0.11426,0.0,0.0
0.6,0.6665,0.254,0.6,-0.2307,0.5,0.3809,0.0857,0.0,0.0
0.7144,0.7715,0.457,0.525,-0.3635,0.3333,0.4285,0.1428,0.0,0.0
0.4614,0.643,0.0,0.7144,-0.4546,0.5,0.3809,0.05713,0.1666,0.1666
0.4285,0.3572,0.2666,0.732,-0.2,0.6665,0.3809,0.05713,0.1666,0.1666
0.6,0.4714,0.476,0.6606,-0.3054,0.5,0.4285,0.11426,0.1666,0.1666
0.4736,0.6475,0.2301,0.643,-0.4775,0.5,0.4285,0.0857,0.1666,0.1666
0.577,0.7524,0.457,0.5713,-0.5327,0.3333,0.476,0.1428,0.1666,0.1666
0.0,0.0,0.0,0.5625,1.0,0.3333,0.2856,0.0,0.0,0.0
0.6,0.4285,0.0,0.625,-0.2,0.5,0.2856,0.02856,0.0,0.0
0.0,0.0,0.0,1.0,-0.2,1.0,0.2856,0.0,0.1666,0.1666
0.375,0.3333,0.0,0.9106,-0.0769,0.8335,0.3333,0.02856,0.1666,0.1666
0.0,0.0,0.0,0.768,-0.0769,0.6665,0.3333,0.0,0.1666,0.1666
0.25,0.3096,0.0,0.6787,-0.3333,0.5,0.3809,0.02856,0.1666,0.3333
0.3333,0.238,0.4285,0.525,0.4167,0.3333,0.3333,0.02856,0.0,0.0
0.643,0.548,0.643,0.4875,0.2,0.3333,0.3809,0.0857,0.0,0.0
0.3,0.1428,0.0,0.7856,-0.0606,0.6665,0.3333,0.02856,0.1666,0.1666
0.3333,0.3333,0.0,0.8037,-0.1666,0.6665,0.3333,0.02856,0.1666,0.1666
0.4285,0.4285,0.0,0.6963,-0.2,0.5,0.3809,0.05713,0.1666,0.1666
0.3333,0.238,0.0,0.8394,0.125,0.8335,0.3333,0.02856,0.1666,0.1666
0.4614,0.524,0.0,0.75,-0.1637,0.6665,0.3809,0.05713,0.1666,0.1666
0.0,0.0,0.4644,0.7856,-0.1666,0.6665,0.3333,0.0,0.1666,0.1666
0.4285,0.3333,0.3538,0.732,-0.06665,0.6665,0.3809,0.05713,0.1666,0.1666
0.2307,0.3096,0.449,0.6963,-0.309,0.5,0.3809,0.02856,0.1666,0.1666
0.4736,0.6143,0.3333,0.643,-0.3433,0.5,0.4285,0.0857,0.1666,0.1666
0.2307,0.2142,0.3809,0.7144,-0.1637,0.6665,0.3809,0.02856,0.1666,0.1666
0.4736,0.519,0.6,0.6606,-0.2761,0.5,0.4285,0.0857,0.1666,0.1666
0.3333,0.505,0.3713,0.625,-0.4,0.5,0.4285,0.05713,0.1666,0.3333
0.48,0.8,0.5894,0.5713,-0.4736,0.3333,0.476,0.11426,0.1666,0.3333
0.5454,0.6665,0.0,0.8213,-0.6,0.6665,0.3809,0.05713,0.1666,0.1666
0.5293,0.8096,0.0,0.6606,-0.35,0.5,0.4285,0.0857,0.1666,0.3333
0.7896,0.619,0.7144,0.45,0.325,0.3333,0.4285,0.1428,0.0,0.0
0.5,0.619,0.232,0.6606,-0.3333,0.5,0.4285,0.0857,0.1666,0.1666
0.6313,0.4285,0.4,0.6963,-0.0125,0.6665,0.4285,0.11426,0.1666,0.1666
0.5293,0.5713,0.2063,0.7144,-0.1887,0.6665,0.4285,0.0857,0.1666,0.1666
0.625,0.7,0.3396,0.607,-0.3193,0.5,0.476,0.1428,0.1666,0.1666
0.375,0.548,0.1632,0.6606,-0.44,0.5,0.4285,0.05713,0.1666,0.3333
0.522,0.781,0.3298,0.607,-0.3906,0.5,0.476,0.11426,0.1666,0.3333
0.353,0.262,0.4536,0.6963,-0.01888,0.6665,0.4285,0.05713,0.1666,0.1666
0.625,0.581,0.6265,0.643,-0.1805,0.5,0.476,0.1428,0.1666,0.1666
0.4092,0.5522,0.4138,0.607,-0.4285,0.5,0.476,0.0857,0.1666,0.3333
0.6,0.857,0.6055,0.5537,-0.4514,0.3333,0.524,0.1714,0.1666,0.3333
0.6,0.4285,0.643,0.525,-0.08,0.3333,0.4285,0.11426,0.0,0.0
0.353,0.262,0.10474,0.625,-0.3584,0.5,0.4285,0.05713,0.1666,0.1666
0.5,0.4,0.6,0.5894,-0.389,0.5,0.476,0.11426,0.1666,0.1666
0.4285,0.476,0.1428,0.575,-0.3333,0.5,0.3809,0.05713,0.0,0.0
0.6,0.619,0.5835,0.55,-0.26,0.5,0.4285,0.11426,0.0,0.0
0.7144,0.524,0.5874,0.575,0.0,0.5,0.4285,0.1428,0.0,0.0
0.4736,0.476,0.319,0.525,-0.3845,0.3333,0.4285,0.0857,0.0,0.0
0.6924,0.6904,0.7397,0.5,-0.383,0.3333,0.476,0.1714,0.0,0.0
0.2307,0.238,0.2142,0.6963,-0.2903,0.5,0.3809,0.02856,0.1666,0.1666
0.353,0.4524,0.1238,0.643,-0.5283,0.5,0.4285,0.05713,0.1666,0.1666
0.5,0.5903,0.53,0.607,-0.4583,0.5,0.476,0.11426,0.1666,0.1666
0.3333,0.262,0.4285,0.6606,-0.3333,0.5,0.4285,0.05713,0.1666,0.1666
0.6,0.4856,0.5796,0.625,-0.3333,0.5,0.476,0.1428,0.1666,0.1666
0.3914,0.457,0.3,0.5894,-0.5703,0.5,0.476,0.0857,0.1666,0.1666
0.5806,0.6665,0.7397,0.5537,-0.5425,0.3333,0.524,0.1714,0.1666,0.1666
0.5,0.476,0.4163,0.5,-0.6665,0.3333,0.476,0.11426,0.0,0.0
0.75,0.7427,0.7754,0.475,-0.4666,0.3333,0.524,0.2285,0.0,0.0
0.4285,0.457,0.3857,0.5713,-0.6777,0.5,0.524,0.11426,0.1666,0.1666
0.6484,0.7144,0.7754,0.5356,-0.5654,0.3333,0.5713,0.2285,0.1666,0.1666
0.0,0.0,0.0,0.643,-0.6,0.5,0.3809,0.0,0.3333,0.3333
0.1765,0.1904,0.6855,0.625,-0.35,0.5,0.4285,0.02856,0.3333,0.3333
0.3333,0.2856,0.5103,0.643,-0.2222,0.5,0.4285,0.05713,0.1666,0.1666
0.3333,0.3096,0.5693,0.643,-0.3333,0.5,0.4285,0.05713,0.1666,0.1666
0.5,0.5,0.4023,0.6963,-0.1111,0.6665,0.4285,0.0857,0.1666,0.1666
0.1875,0.2142,0.1357,0.607,-0.44,0.5,0.4285,0.02856,0.3333,0.3333
0.3914,0.4714,0.662,0.5894,-0.3906,0.5,0.476,0.0857,0.3333,0.3333
0.4736,0.4048,0.3984,0.6606,-0.2375,0.5,0.4285,0.0857,0.1666,0.1666
0.353,0.4285,0.1489,0.643,-0.3584,0.5,0.4285,0.05713,0.1666,0.1666
0.5,0.581,0.569,0.607,-0.389,0.5,0.476,0.11426,0.1666,0.1666
0.4736,0.3809,0.5356,0.6963,-0.125,0.6665,0.4285,0.0857,0.1666,0.1666
0.1765,0.2142,0.5254,0.643,-0.3584,0.5,0.4285,0.02856,0.1666,0.1666
0.5,0.557,0.6904,0.625,-0.3193,0.5,0.476,0.11426,0.1666,0.1666
0.2727,0.4094,0.432,0.5713,-0.508,0.3333,0.476,0.05713,0.3333,0.3333
0.5,0.7383,0.8755,0.5537,-0.4895,0.3333,0.524,0.1428,0.3333,0.3333
0.2856,0.238,0.284,0.5713,-0.4492,0.3333,0.476,0.05713,0.3333,0.3333
0.517,0.543,0.765,0.5537,-0.4019,0.3333,0.524,0.1428,0.3333,0.3333
0.4092,0.4524,0.2627,0.607,-0.515,0.5,0.476,0.0857,0.1666,0.1666
0.6,0.6523,0.643,0.5713,-0.455,0.5,0.524,0.1714,0.1666,0.1666
0.2856,0.4285,0.313,0.5894,-0.594,0.5,0.476,0.05713,0.3333,0.3333
0.517,0.7334,0.7144,0.5713,-0.4558,0.5,0.524,0.1428,0.3333,0.3333
0.2727,0.238,0.6226,0.625,-0.3635,0.5,0.476,0.05713,0.1666,0.1666
0.6,0.619,0.747,0.607,-0.3386,0.5,0.524,0.1714,0.1666,0.1666
0.3333,0.4333,0.4944,0.5537,-0.62,0.3333,0.524,0.0857,0.3333,0.3333
0.5835,0.7954,0.899,0.5356,-0.5186,0.3333,0.5713,0.2,0.3333,0.3333
0.3635,0.438,0.5757,0.5356,-0.7544,0.3333,0.5713,0.11426,0.3333,0.3333
0.628,0.8477,0.9365,0.518,-0.587,0.3333,0.619,0.257,0.3333,0.3333
0.4614,0.2856,0.5713,0.4875,0.7417,0.3333,0.3809,0.05713,0.0,0.0
0.6665,0.476,0.643,0.45,0.6665,0.3333,0.4285,0.11426,0.0,0.0
0.2727,0.3333,0.457,0.768,-0.06665,0.6665,0.3809,0.02856,0.1666,0.1666
0.375,0.4285,0.3333,0.6606,-0.08,0.5,0.4285,0.05713,0.1666,0.3333
0.0,0.0,0.619,0.75,0.0,0.6665,0.3809,0.0,0.1666,0.1666
0.353,0.238,0.505,0.6963,0.151,0.6665,0.4285,0.05713,0.1666,0.1666
0.522,0.438,0.607,0.643,-0.0744,0.5,0.476,0.11426,0.1666,0.1666
0.1875,0.3096,0.6,0.6606,-0.26,0.5,0.4285,0.02856,0.1666,0.3333
0.4092,0.519,0.4822,0.607,-0.2698,0.5,0.476,0.0857,0.1666,0.3333
0.517,0.7144,0.595,0.5537,-0.3853,0.3333,0.524,0.1428,0.1666,0.3333
0.875,0.643,0.7144,0.4126,0.643,0.3333,0.476,0.2,0.0,0.0
0.5454,0.7617,0.4285,0.643,-0.25,0.5,0.476,0.11426,0.1666,0.3333
0.6523,0.548,0.524,0.6787,0.12085,0.6665,0.476,0.1428,0.1666,0.1666
0.5713,0.7383,0.363,0.643,-0.1594,0.5,0.476,0.11426,0.1666,0.3333
0.643,0.819,0.447,0.5894,-0.2384,0.5,0.524,0.1714,0.1666,0.3333
0.5454,0.4285,0.4805,0.6787,0.2424,0.6665,0.476,0.11426,0.1666,0.1666
0.724,0.595,0.635,0.625,0.0435,0.5,0.524,0.2,0.1666,0.1666
0.45,0.595,0.294,0.643,-0.25,0.5,0.476,0.0857,0.1666,0.3333
0.5557,0.7095,0.4126,0.5894,-0.279,0.5,0.524,0.1428,0.1666,0.3333
0.6855,0.8667,0.6123,0.5356,-0.3528,0.3333,0.5713,0.2285,0.1666,0.3333
0.625,0.5,0.5386,0.643,-0.3096,0.5,0.476,0.1428,0.1666,0.1666
0.5454,0.4285,0.517,0.625,-0.0606,0.5,0.476,0.11426,0.1666,0.1666
0.4092,0.4524,0.286,0.607,-0.515,0.5,0.476,0.0857,0.1666,0.1666
0.6206,0.643,0.595,0.5894,-0.355,0.5,0.524,0.1714,0.1666,0.1666
0.2856,0.3096,0.7104,0.607,-0.3044,0.5,0.476,0.05713,0.3333,0.3333
0.4285,0.619,0.262,0.607,-0.4492,0.5,0.476,0.0857,0.3333,0.3333
0.5356,0.7236,0.6904,0.5894,-0.384,0.5,0.524,0.1428,0.3333,0.3333
0.3,0.262,0.2158,0.5713,-0.5,0.3333,0.476,0.05713,0.3333,0.3333
0.4443,0.4,0.7163,0.5537,-0.3643,0.3333,0.524,0.11426,0.3333,0.3333
0.4443,0.6143,0.3486,0.5537,-0.5347,0.3333,0.524,0.11426,0.3333,0.3333
0.6,0.7954,0.853,0.5356,-0.4836,0.3333,0.5713,0.2,0.3333,0.3333
0.4092,0.4524,0.5767,0.607,-0.25,0.5,0.476,0.0857,0.3333,0.3333
0.522,0.3572,0.5786,0.607,-0.0989,0.5,0.476,0.11426,0.1666,0.1666
0.2856,0.2142,0.7314,0.607,-0.1594,0.5,0.476,0.05713,0.3333,0.3333
0.4285,0.4048,0.2035,0.5894,-0.1594,0.5,0.476,0.0857,0.3333,0.3333
0.5356,0.51,0.7495,0.5713,-0.2384,0.5,0.524,0.1428,0.3333,0.3333
0.522,0.5713,0.4827,0.625,-0.3186,0.5,0.476,0.11426,0.1666,0.1666
0.522,0.548,0.3857,0.625,-0.2087,0.5,0.476,0.11426,0.1666,0.1666
0.4285,0.524,0.3533,0.607,-0.3044,0.5,0.476,0.0857,0.3333,0.3333
0.4285,0.619,0.08887,0.5894,-0.4492,0.5,0.476,0.0857,0.3333,0.3333
0.5356,0.7236,0.5,0.5713,-0.384,0.5,0.524,0.1428,0.3333,0.3333
0.625,0.4524,0.5107,0.6606,-0.0714,0.6665,0.476,0.1428,0.1666,0.1666
0.5454,0.524,0.5083,0.6606,-0.0606,0.6665,0.476,0.11426,0.1666,0.1666
0.4092,0.4285,0.2747,0.607,-0.3635,0.5,0.476,0.0857,0.1666,0.1666
0.6206,0.619,0.6387,0.5894,-0.2754,0.5,0.524,0.1714,0.1666,0.1666
0.4092,0.3096,0.525,0.625,-0.0606,0.5,0.476,0.0857,0.1666,0.1666
0.6206,0.595,0.6855,0.607,-0.1957,0.5,0.524,0.1714,0.1666,0.1666
0.3,0.3572,0.2089,0.5894,-0.5,0.5,0.476,0.05713,0.3333,0.3333
0.4443,0.495,0.66,0.5713,-0.3643,0.5,0.524,0.11426,0.3333,0.3333
0.4443,0.5903,0.3374,0.5537,-0.4497,0.3333,0.524,0.11426,0.3333,0.3333
0.6,0.7715,0.8423,0.5356,-0.44,0.3333,0.5713,0.2,0.3333,0.3333
0.375,0.2856,0.11584,0.643,-0.174,0.5,0.4285,0.05713,0.1666,0.1666
0.4,0.476,0.0,0.643,-0.5,0.5,0.4285,0.05713,0.3333,0.3333
0.5713,0.4285,0.3,0.607,0.1305,0.5,0.476,0.11426,0.3333,0.3333
0.45,0.476,0.08716,0.5894,-0.25,0.5,0.476,0.0857,0.3333,0.3333
0.5557,0.605,0.3892,0.5537,-0.279,0.3333,0.524,0.1428,0.3333,0.3333
0.375,0.3809,0.11224,0.6787,-0.174,0.6665,0.4285,0.05713,0.1666,0.1666
0.6816,0.524,0.4802,0.7144,0.394,0.6665,0.476,0.1428,0.1666,0.1666
0.4285,0.3809,0.2664,0.625,-0.02563,0.5,0.476,0.0857,0.1666,0.1666
0.643,0.595,0.63,0.607,-0.11865,0.5,0.524,0.1714,0.1666,0.1666
0.2,0.238,0.4714,0.6606,0.0,0.5,0.4285,0.02856,0.3333,0.3333
0.45,0.5713,0.3142,0.625,-0.25,0.5,0.476,0.0857,0.3333,0.3333
0.5557,0.7,0.639,0.5894,-0.279,0.5,0.524,0.1428,0.3333,0.3333
0.3,0.262,0.6284,0.625,0.0,0.5,0.476,0.05713,0.3333,0.3333
0.5557,0.4856,0.7646,0.5894,-0.1085,0.5,0.524,0.1428,0.3333,0.3333
0.4614,0.567,0.451,0.5713,-0.3618,0.5,0.524,0.11426,0.3333,0.3333
0.6177,0.7715,0.808,0.5356,-0.3845,0.3333,0.5713,0.2,0.3333,0.3333
0.6177,0.7856,0.5366,0.5356,-0.4043,0.3333,0.5713,0.2,0.3333,0.3333
0.6855,0.6714,0.6665,0.5713,-0.2935,0.5,0.5713,0.2285,0.1666,0.1666
0.36,0.3572,0.2944,0.5537,-0.4348,0.3333,0.524,0.0857,0.3333,0.3333
0.5454,0.557,0.715,0.5356,-0.3333,0.3333,0.5713,0.1714,0.3333,0.3333
0.4688,0.5903,0.39,0.5356,-0.552,0.3333,0.5713,0.1428,0.3333,0.3333
0.6587,0.819,0.8423,0.518,-0.4543,0.3333,0.619,0.257,0.3333,0.3333
0.375,0.2856,0.3618,0.732,0.609,0.6665,0.4285,0.05713,0.1666,0.1666
0.0,0.0,0.4524,0.625,0.0,0.5,0.4285,0.0,0.3333,0.3333
0.2856,0.1904,0.7207,0.607,-0.014496,0.5,0.476,0.05713,0.3333,0.3333
0.3,0.238,0.2666,0.5894,0.0,0.5,0.476,0.05713,0.3333,0.3333
0.4443,0.3904,0.74,0.5713,-0.1938,0.5,0.524,0.11426,0.3333,0.3333
0.2,0.238,0.2,0.625,-0.5,0.5,0.4285,0.02856,0.3333,0.3333
0.1875,0.1428,0.3132,0.643,-0.174,0.5,0.4285,0.02856,0.1666,0.1666
0.4285,0.4048,0.642,0.625,-0.014496,0.5,0.476,0.0857,0.3333,0.3333
0.3,0.3333,0.2347,0.5894,-0.25,0.5,0.476,0.05713,0.3333,0.3333
0.4443,0.4856,0.675,0.5713,-0.279,0.5,0.524,0.11426,0.3333,0.3333
0.0,0.0,0.7617,0.6787,-0.174,0.6665,0.4285,0.0,0.1666,0.1666
0.4092,0.2856,0.6665,0.6606,0.0909,0.6665,0.476,0.0857,0.1666,0.1666
0.2856,0.238,0.562,0.625,-0.02563,0.5,0.476,0.05713,0.1666,0.1666
0.5356,0.476,0.6924,0.607,-0.11865,0.5,0.524,0.1428,0.1666,0.1666
0.15,0.2142,0.6523,0.607,-0.25,0.5,0.476,0.02856,0.3333,0.3333
0.4443,0.462,0.811,0.5894,-0.1938,0.5,0.524,0.11426,0.3333,0.3333
0.3462,0.4238,0.4626,0.5537,-0.3618,0.3333,0.524,0.0857,0.3333,0.3333
0.5293,0.6523,0.8623,0.5356,-0.3845,0.3333,0.5713,0.1714,0.3333,0.3333
0.6177,0.548,0.8184,0.5356,-0.2128,0.3333,0.5713,0.2,0.3333,0.3333
0.6177,0.7617,0.7363,0.5537,-0.3403,0.5,0.5713,0.2,0.3333,0.3333
0.6855,0.624,0.746,0.5894,-0.1497,0.5,0.5713,0.2285,0.1666,0.1666
0.36,0.4524,0.3633,0.5713,-0.4348,0.5,0.524,0.0857,0.3333,0.3333
0.5454,0.6523,0.741,0.5537,-0.3333,0.5,0.5713,0.1714,0.3333,0.3333
0.4688,0.567,0.444,0.5356,-0.4482,0.3333,0.5713,0.1428,0.3333,0.3333
0.6587,0.7954,0.887,0.518,-0.4102,0.3333,0.619,0.257,0.3333,0.3333
0.24,0.238,0.733,0.5894,-0.1957,0.5,0.524,0.05713,0.3333,0.3333
0.5454,0.524,0.8496,0.5713,-0.193,0.5,0.5713,0.1714,0.3333,0.3333
0.3872,0.4475,0.4854,0.5356,-0.5156,0.3333,0.5713,0.11426,0.3333,0.5
0.6,0.7095,0.8696,0.518,-0.414,0.3333,0.619,0.2285,0.3333,0.5
0.4736,0.562,0.4988,0.518,-0.648,0.3333,0.619,0.1714,0.3333,0.5
0.6875,0.843,0.9087,0.5,-0.4949,0.3333,0.6665,0.3142,0.3333,0.5
0.4285,0.4285,0.5713,0.5,0.0,0.3333,0.3333,0.02856,0.0,0.0
0.8184,0.905,0.5713,0.4375,-0.06665,0.3333,0.3809,0.0857,0.0,0.0
0.4614,0.3809,0.3015,0.768,-0.2903,0.6665,0.3809,0.05713,0.1666,0.1666
0.923,0.5713,0.5713,0.375,0.7417,0.1666,0.3809,0.11426,0.0,0.0
0.6665,0.5,0.457,0.6963,-0.0,0.5,0.4285,0.11426,0.1666,0.1666
0.5,0.5713,0.0,0.768,-0.3333,0.6665,0.3809,0.05713,0.1666,0.1666
0.5,0.3809,0.3142,0.8394,0.3333,0.8335,0.3809,0.05713,0.1666,0.1666
0.5293,0.5713,0.249,0.6963,-0.1887,0.6665,0.4285,0.0857,0.1666,0.1666
0.706,0.5,0.476,0.768,0.3208,0.6665,0.4285,0.11426,0.1666,0.1666
0.6523,0.6763,0.449,0.625,-0.2396,0.5,0.476,0.1428,0.1666,0.1666
0.5625,0.7617,0.4443,0.6963,-0.26,0.5,0.4285,0.0857,0.1666,0.1666
0.375,0.3572,0.6953,0.6963,-0.08,0.6665,0.4285,0.05713,0.1666,0.3333
0.5454,0.7573,0.6587,0.625,-0.349,0.5,0.476,0.11426,0.1666,0.3333
0.5454,0.4714,0.893,0.625,-0.1904,0.5,0.476,0.11426,0.1666,0.3333
0.6206,0.857,0.8774,0.5537,-0.426,0.3333,0.524,0.1714,0.1666,0.3333
1.0,0.7144,0.7144,0.375,0.0,0.1666,0.476,0.2856,0.0,0.0
0.8823,0.657,0.7144,0.475,-0.4473,0.3333,0.524,0.2856,0.0,0.0
0.6772,0.543,0.5713,0.5894,-0.5034,0.5,0.524,0.2,0.1666,0.1666
0.769,0.6284,0.7144,0.5356,-0.6294,0.3333,0.5713,0.2856,0.1666,0.1666
0.7896,0.6,0.681,0.5537,-0.3901,0.5,0.5713,0.2856,0.1666,0.1666
0.846,0.7715,0.857,0.45,-0.4546,0.3333,0.5713,0.3142,0.0,0.0
0.6,0.4714,0.6855,0.5537,-0.4656,0.5,0.5713,0.2,0.1666,0.1666
0.75,0.7383,0.857,0.518,-0.566,0.3333,0.619,0.3142,0.1666,0.1666
0.6665,0.6665,0.6846,0.5537,-0.4666,0.5,0.5713,0.2285,0.1666,0.1666
0.5293,0.6855,0.596,0.5356,-0.5317,0.3333,0.5713,0.1714,0.3333,0.3333
0.6,0.7617,0.808,0.5713,-0.4187,0.5,0.5713,0.2,0.3333,0.3333
0.4546,0.4,0.7324,0.5356,-0.511,0.3333,0.5713,0.1428,0.3333,0.3333
0.643,0.8047,0.898,0.518,-0.5444,0.3333,0.619,0.257,0.3333,0.3333
0.525,0.4429,0.8096,0.518,-0.625,0.3333,0.619,0.2,0.3333,0.3333
0.72,0.8667,1.0,0.5,-0.604,0.3333,0.6665,0.3428,0.3333,0.3333
0.4285,0.2856,0.1285,0.55,0.3333,0.3333,0.3809,0.05713,0.0,0.0
0.2142,0.1428,0.3667,0.55,-0.3333,0.3333,0.3809,0.02856,0.0,0.0
0.4736,0.3572,0.3762,0.525,-0.03845,0.3333,0.4285,0.0857,0.0,0.0
0.6,0.548,0.5835,0.5,-0.3333,0.3333,0.476,0.1428,0.0,0.0
0.0,0.0,0.2142,0.6606,-0.3333,0.5,0.3809,0.0,0.1666,0.1666
0.353,0.238,0.1071,0.625,-0.1887,0.5,0.4285,0.05713,0.1666,0.1666
0.1765,0.119,0.3523,0.625,-0.3584,0.5,0.4285,0.02856,0.1666,0.1666
0.3914,0.3286,0.3572,0.5894,-0.405,0.5,0.476,0.0857,0.1666,0.1666
0.5,0.524,0.5835,0.5537,-0.51,0.3333,0.524,0.1428,0.1666,0.1666
0.0,0.0,0.0,0.75,0.0,0.5,0.3333,0.0,0.3333,0.3333
0.25,0.1428,0.3572,0.75,0.3333,0.6665,0.3809,0.02856,0.1666,0.1666
0.0,0.0,0.3572,0.6787,-0.06665,0.5,0.3809,0.0,0.3333,0.3333
0.1875,0.119,0.664,0.643,-0.08,0.5,0.4285,0.02856,0.3333,0.3333
0.25,0.238,0.0,0.6787,-0.3333,0.5,0.3809,0.02856,0.1666,0.1666
0.25,0.1428,0.0,0.6963,0.0,0.6665,0.3809,0.02856,0.1666,0.1666
0.2727,0.238,0.0,0.6963,-0.06665,0.5,0.3809,0.02856,0.3333,0.3333
0.375,0.4285,0.0,0.625,-0.26,0.5,0.4285,0.05713,0.3333,0.3333
0.375,0.3333,0.2347,0.643,-0.08,0.5,0.4285,0.05713,0.3333,0.3333
0.2307,0.1428,0.2705,0.7144,-0.2903,0.6665,0.3809,0.02856,0.1666,0.1666
0.4614,0.2856,0.2428,0.8037,0.2258,0.8335,0.3809,0.05713,0.1666,0.1666
0.5,0.3572,0.426,0.6963,-0.0,0.6665,0.4285,0.0857,0.1666,0.1666
0.25,0.238,0.2142,0.75,0.0,0.6665,0.3809,0.02856,0.1666,0.1666
0.353,0.3333,0.1844,0.643,-0.1887,0.5,0.4285,0.05713,0.1666,0.1666
0.5293,0.4524,0.4075,0.732,0.151,0.6665,0.4285,0.0857,0.1666,0.1666
0.0,0.0,0.6523,0.7144,-0.3333,0.6665,0.3809,0.0,0.1666,0.1666
0.353,0.3333,0.505,0.6606,-0.1887,0.5,0.4285,0.05713,0.1666,0.1666
0.353,0.238,0.5557,0.6787,-0.01888,0.6665,0.4285,0.05713,0.1666,0.1666
0.522,0.533,0.6104,0.625,-0.2396,0.5,0.476,0.11426,0.1666,0.1666
0.1875,0.2142,0.5596,0.643,-0.26,0.5,0.4285,0.02856,0.3333,0.3333
0.4092,0.519,0.4119,0.5894,-0.349,0.5,0.476,0.0857,0.3333,0.3333
0.4092,0.4238,0.7236,0.607,-0.2698,0.5,0.476,0.0857,0.3333,0.3333
0.517,0.7144,0.8115,0.5537,-0.426,0.3333,0.524,0.1428,0.3333,0.3333
0.4285,0.3809,0.3215,0.607,-0.014496,0.5,0.476,0.0857,0.3333,0.3333
0.2,0.1428,0.0,0.5894,-0.5,0.3333,0.4285,0.02856,0.3333,0.3333
0.4092,0.3096,0.3242,0.607,-0.2122,0.5,0.476,0.0857,0.1666,0.1666
0.4285,0.3572,0.3047,0.625,-0.02563,0.5,0.476,0.0857,0.1666,0.1666
0.5356,0.5,0.4814,0.5894,-0.3052,0.5,0.524,0.1428,0.1666,0.1666
0.0,0.0,0.3286,0.607,-0.5,0.5,0.4285,0.0,0.3333,0.3333
0.3,0.238,0.1984,0.5713,-0.25,0.3333,0.476,0.05713,0.3333,0.3333
0.4443,0.4856,0.3806,0.5537,-0.3643,0.3333,0.524,0.11426,0.3333,0.3333
0.15,0.119,0.535,0.5894,-0.25,0.5,0.476,0.02856,0.3333,0.3333
0.4443,0.462,0.527,0.5713,-0.279,0.5,0.524,0.11426,0.3333,0.3333
0.3462,0.3286,0.515,0.5537,-0.3618,0.3333,0.524,0.0857,0.3333,0.3333
0.5293,0.6523,0.7065,0.5356,-0.4307,0.3333,0.5713,0.1714,0.3333,0.3333
0.6,0.619,0.686,0.5894,-0.3398,0.5,0.524,0.1714,0.1666,0.1666
0.2856,0.3096,0.2355,0.5713,-0.4492,0.3333,0.476,0.05713,0.3333,0.3333
0.4285,0.519,0.539,0.5537,-0.457,0.3333,0.524,0.11426,0.3333,0.3333
0.5835,0.7715,0.889,0.5356,-0.5,0.3333,0.5713,0.2,0.3333,0.3333
0.3914,0.3572,0.6855,0.625,-0.3186,0.5,0.476,0.0857,0.1666,0.1666
0.6,0.4524,0.6597,0.5,-0.1111,0.3333,0.476,0.1428,0.0,0.0
0.4092,0.3333,0.319,0.607,-0.3635,0.5,0.476,0.0857,0.1666,0.1666
0.517,0.4238,0.62,0.5713,-0.4348,0.5,0.524,0.1428,0.1666,0.1666
0.6924,0.6665,0.7144,0.525,-0.25,0.5,0.476,0.1714,0.0,0.0
0.6,0.476,0.5117,0.625,-0.238,0.5,0.476,0.1428,0.1666,0.1666
0.6,0.6284,0.669,0.5894,-0.4102,0.5,0.524,0.1714,0.1666,0.1666
0.778,0.5713,0.6284,0.525,-0.1765,0.5,0.476,0.2,0.0,0.0
0.75,0.7046,0.7876,0.475,-0.3909,0.3333,0.524,0.2285,0.0,0.0
0.6772,0.524,0.608,0.5894,-0.3452,0.5,0.524,0.2,0.1666,0.1666
0.517,0.543,0.4807,0.5713,-0.5146,0.5,0.524,0.1428,0.1666,0.1666
0.6484,0.6763,0.7876,0.5356,-0.5513,0.3333,0.5713,0.2285,0.1666,0.1666
0.3333,0.2856,0.3428,0.525,0.0,0.3333,0.4285,0.05713,0.0,0.0
0.2856,0.262,0.294,0.607,-0.5386,0.5,0.476,0.05713,0.1666,0.1666
0.6,0.5713,0.5435,0.5,-0.3333,0.3333,0.476,0.1428,0.0,0.0
0.5,0.4285,0.514,0.5,-0.25,0.3333,0.476,0.11426,0.0,0.0
0.6772,0.6094,0.7344,0.475,-0.3562,0.3333,0.524,0.2,0.0,0.0
0.3914,0.3572,0.527,0.607,-0.3186,0.5,0.476,0.0857,0.1666,0.1666
0.517,0.533,0.4856,0.5713,-0.4348,0.5,0.524,0.1428,0.1666,0.1666
0.517,0.4143,0.632,0.5713,-0.355,0.5,0.524,0.1428,0.1666,0.1666
0.4285,0.4,0.4797,0.5713,-0.4915,0.5,0.524,0.11426,0.1666,0.1666
0.5835,0.581,0.7344,0.5356,-0.524,0.3333,0.5713,0.2,0.1666,0.1666
0.7896,0.7236,0.8213,0.45,-0.4348,0.3333,0.5713,0.2856,0.0,0.0
0.5293,0.495,0.5405,0.5537,-0.552,0.5,0.5713,0.1714,0.1666,0.1666
0.6978,0.6904,0.8213,0.518,-0.5405,0.3333,0.619,0.2856,0.1666,0.1666
0.15,0.119,0.327,0.5713,-0.5,0.3333,0.476,0.02856,0.3333,0.3333
0.2856,0.2856,0.417,0.5894,-0.3044,0.5,0.476,0.05713,0.3333,0.3333
0.5,0.3809,0.501,0.625,-0.3096,0.5,0.476,0.11426,0.1666,0.1666
0.4092,0.4048,0.474,0.625,-0.2122,0.5,0.476,0.0857,0.1666,0.1666
0.2727,0.2142,0.6133,0.607,-0.3635,0.5,0.476,0.05713,0.1666,0.1666
0.517,0.524,0.681,0.5894,-0.355,0.5,0.524,0.1428,0.1666,0.1666
0.1428,0.1904,0.735,0.5894,-0.4492,0.5,0.476,0.02856,0.3333,0.3333
0.4285,0.51,0.718,0.5713,-0.384,0.5,0.524,0.11426,0.3333,0.3333
0.3333,0.3762,0.6455,0.5537,-0.4497,0.3333,0.524,0.0857,0.3333,0.3333
0.514,0.6763,0.909,0.5356,-0.4836,0.3333,0.5713,0.1714,0.3333,0.3333
0.5293,0.557,0.734,0.5356,-0.4043,0.3333,0.5713,0.1714,0.3333,0.3333
0.6,0.7617,0.7715,0.5537,-0.4187,0.5,0.5713,0.2,0.3333,0.3333
0.6665,0.657,0.723,0.5537,-0.4,0.5,0.5713,0.2285,0.1666,0.1666
0.6665,0.6475,0.752,0.5713,-0.3333,0.5,0.5713,0.2285,0.1666,0.1666
0.5293,0.6763,0.5947,0.5356,-0.468,0.3333,0.5713,0.1714,0.3333,0.3333
0.4546,0.495,0.622,0.5356,-0.511,0.3333,0.5713,0.1428,0.3333,0.3333
0.643,0.7954,0.92,0.518,-0.5015,0.3333,0.619,0.257,0.3333,0.3333
0.24,0.238,0.411,0.5537,-0.674,0.3333,0.524,0.05713,0.3333,0.3333
0.4546,0.543,0.6,0.5356,-0.4736,0.3333,0.5713,0.1428,0.3333,0.3333
0.6,0.5713,0.66,0.5537,-0.437,0.5,0.5713,0.2,0.1666,0.1666
0.5293,0.548,0.7905,0.5537,-0.3403,0.5,0.5713,0.1714,0.3333,0.3333
0.375,0.3762,0.618,0.5356,-0.552,0.3333,0.5713,0.11426,0.3333,0.3333
0.5854,0.7095,0.8667,0.518,-0.4983,0.3333,0.619,0.2285,0.3333,0.3333
0.4614,0.4666,0.686,0.518,-0.6665,0.3333,0.619,0.1714,0.3333,0.3333
0.6733,0.819,0.971,0.5,-0.5635,0.3333,0.6665,0.3142,0.3333,0.3333
0.4614,0.619,0.1881,0.5537,-0.528,0.3333,0.524,0.11426,0.3333,0.3333
0.7,0.5,0.5493,0.625,-0.1,0.6665,0.524,0.2,0.1666,0.1666
0.5356,0.3809,0.591,0.5894,-0.0353,0.5,0.524,0.1428,0.1666,0.1666
0.5356,0.524,0.4692,0.5894,-0.2942,0.5,0.524,0.1428,0.1666,0.1666
0.6855,0.6333,0.6914,0.5713,-0.1908,0.5,0.5713,0.2285,0.1666,0.1666
0.5454,0.6763,0.4463,0.5356,-0.422,0.3333,0.5713,0.1714,0.3333,0.3333
0.5454,0.533,0.739,0.5537,-0.2444,0.5,0.5713,0.1714,0.3333,0.3333
0.6587,0.781,0.863,0.518,-0.4219,0.3333,0.619,0.257,0.3333,0.3333
0.735,0.8477,0.967,0.5,-0.4883,0.3333,0.6665,0.3428,0.3333,0.3333
0.4443,0.4285,0.3655,0.5894,-0.3967,0.5,0.524,0.11426,0.1666,0.1666
0.6772,0.5,0.725,0.475,-0.1,0.3333,0.524,0.2,0.0,0.0
0.6,0.4524,0.6987,0.5537,-0.2825,0.5,0.5713,0.2,0.1666,0.1666
0.6,0.524,0.5864,0.475,-0.375,0.3333,0.524,0.1714,0.0,0.0
0.6,0.476,0.6665,0.475,0.0833,0.3333,0.524,0.1714,0.0,0.0
0.7295,0.624,0.759,0.45,-0.2766,0.3333,0.5713,0.257,0.0,0.0
0.5293,0.4856,0.5327,0.5537,-0.4482,0.5,0.5713,0.1714,0.1666,0.1666
0.5293,0.438,0.633,0.5537,-0.3447,0.5,0.5713,0.1714,0.1666,0.1666
0.643,0.5903,0.759,0.518,-0.5024,0.3333,0.619,0.257,0.1666,0.1666
0.7676,0.7144,0.8013,0.5356,-0.3542,0.5,0.619,0.3142,0.1666,0.1666
0.8667,0.7715,0.857,0.425,-0.4443,0.3333,0.619,0.3713,0.0,0.0
0.6587,0.586,0.6978,0.5356,-0.4028,0.5,0.619,0.257,0.1666,0.1666
0.78,0.7334,0.857,0.5,-0.5195,0.3333,0.6665,0.3713,0.1666,0.1666
0.3462,0.4048,0.4053,0.5537,-0.528,0.3333,0.524,0.0857,0.3333,0.3333
0.4443,0.4048,0.4414,0.5894,-0.3967,0.5,0.524,0.11426,0.1666,0.1666
0.4614,0.595,0.308,0.5713,-0.375,0.5,0.524,0.11426,0.3333,0.3333
0.36,0.4285,0.3496,0.5713,-0.4348,0.5,0.524,0.0857,0.3333,0.3333
0.36,0.3096,0.3096,0.5537,-0.1957,0.3333,0.524,0.0857,0.3333,0.3333
0.4688,0.557,0.4534,0.5356,-0.4482,0.3333,0.5713,0.1428,0.3333,0.3333
0.5356,0.4285,0.563,0.5894,-0.2942,0.5,0.524,0.1428,0.1666,0.1666
0.4443,0.524,0.5166,0.5713,-0.375,0.5,0.524,0.11426,0.3333,0.3333
0.4614,0.476,0.3647,0.5713,-0.2222,0.5,0.524,0.11426,0.3333,0.3333
0.4614,0.3572,0.4272,0.5537,-0.06946,0.3333,0.524,0.11426,0.3333,0.3333
0.5454,0.5713,0.5723,0.5356,-0.3333,0.3333,0.5713,0.1714,0.3333,0.3333
0.4443,0.3809,0.4448,0.5894,-0.2222,0.5,0.524,0.11426,0.1666,0.1666
0.5557,0.4524,0.542,0.607,0.127,0.5,0.524,0.1428,0.1666,0.1666
0.6177,0.562,0.6245,0.5713,-0.2413,0.5,0.5713,0.2,0.1666,0.1666
0.4614,0.5713,0.441,0.5894,-0.2222,0.5,0.524,0.11426,0.3333,0.3333
0.3462,0.3572,0.6143,0.5713,-0.2222,0.5,0.524,0.0857,0.3333,0.3333
0.5454,0.6665,0.6113,0.5537,-0.3333,0.5,0.5713,0.1714,0.3333,0.3333
0.4688,0.533,0.6084,0.5537,-0.3447,0.5,0.5713,0.1428,0.3333,0.3333
0.4688,0.4143,0.685,0.5356,-0.2413,0.3333,0.5713,0.1428,0.3333,0.3333
0.6,0.7095,0.8154,0.518,-0.4268,0.3333,0.619,0.2285,0.3333,0.3333
0.6,0.595,0.769,0.518,-0.3928,0.3333,0.619,0.2285,0.3333,0.3333
0.5386,0.5713,0.7744,0.5356,-0.3333,0.5,0.619,0.2,0.3333,0.3333
0.4736,0.4143,0.7256,0.518,-0.3884,0.3333,0.619,0.1714,0.3333,0.3333
0.638,0.719,0.876,0.5,-0.4824,0.3333,0.6665,0.2856,0.3333,0.3333
0.75,0.857,1.0,0.4822,-0.546,0.3333,0.7144,0.4,0.3333,0.3333
0.4614,0.3809,0.311,0.5537,-0.06946,0.3333,0.524,0.11426,0.3333,0.3333
0.3462,0.3096,0.4456,0.5537,-0.528,0.3333,0.524,0.0857,0.3333,0.3333
0.3462,0.2856,0.424,0.5537,-0.375,0.3333,0.524,0.0857,0.3333,0.3333
0.4688,0.4524,0.4988,0.5356,-0.3447,0.3333,0.5713,0.1428,0.3333,0.3333
0.0,0.0,0.476,0.5713,-0.1111,0.3333,0.476,0.0,0.3333,0.3333
0.36,0.2856,0.3215,0.5537,0.0435,0.3333,0.524,0.0857,0.3333,0.3333
0.4688,0.4285,0.5005,0.5356,-0.2413,0.3333,0.5713,0.1428,0.3333,0.3333
0.125,0.119,0.578,0.5537,-0.2222,0.3333,0.524,0.02856,0.5,0.5
0.3872,0.3667,0.519,0.5356,-0.2632,0.3333,0.5713,0.11426,0.5,0.5
0.5386,0.5903,0.702,0.518,-0.389,0.3333,0.619,0.2,0.5,0.5
0.6,0.7046,0.704,0.518,-0.4443,0.3333,0.619,0.2285,0.3333,0.3333
0.638,0.7236,0.871,0.5,-0.4612,0.3333,0.6665,0.2856,0.5,0.5
0.6587,0.7905,0.7383,0.518,-0.4377,0.3333,0.619,0.257,0.3333,0.3333
0.7144,0.6763,0.7397,0.5356,-0.398,0.5,0.619,0.2856,0.1666,0.1666
0.5386,0.524,0.734,0.518,-0.4167,0.3333,0.619,0.2,0.3333,0.3333
0.5386,0.6284,0.6147,0.518,-0.5,0.3333,0.619,0.2,0.3333,0.3333
0.6875,0.8096,0.912,0.5,-0.4934,0.3333,0.6665,0.3142,0.3333,0.3333
0.2307,0.1904,0.782,0.5713,-0.375,0.5,0.524,0.05713,0.3333,0.3333
0.4443,0.3809,0.5835,0.607,-0.0476,0.5,0.524,0.11426,0.1666,0.1666
0.24,0.1904,0.4858,0.5537,-0.1957,0.3333,0.524,0.05713,0.3333,0.3333
0.375,0.3428,0.7256,0.5356,-0.3447,0.3333,0.5713,0.11426,0.3333,0.3333
0.3333,0.3333,0.824,0.5894,-0.375,0.5,0.524,0.0857,0.3333,0.3333
0.4285,0.3333,0.639,0.5894,-0.2942,0.5,0.524,0.11426,0.1666,0.1666
0.4546,0.476,0.7896,0.5537,-0.3333,0.5,0.5713,0.1428,0.3333,0.3333
0.3333,0.262,0.694,0.5894,-0.2222,0.5,0.524,0.0857,0.1666,0.1666
0.5293,0.4666,0.714,0.5713,-0.2413,0.5,0.5713,0.1714,0.1666,0.1666
0.12,0.1904,0.7427,0.5537,-0.4348,0.3333,0.524,0.02856,0.3333,0.3333
0.375,0.4143,0.7065,0.5356,-0.3447,0.3333,0.5713,0.11426,0.3333,0.3333
0.525,0.6143,0.9077,0.518,-0.4268,0.3333,0.619,0.2,0.3333,0.3333
0.6,0.576,0.803,0.518,-0.3188,0.3333,0.619,0.2285,0.3333,0.3333
0.6587,0.781,0.835,0.5356,-0.378,0.5,0.619,0.257,0.3333,0.3333
0.7144,0.657,0.767,0.5537,-0.258,0.5,0.619,0.2856,0.1666,0.1666
0.5386,0.619,0.654,0.518,-0.4167,0.3333,0.619,0.2,0.3333,0.3333
0.6875,0.8,0.9224,0.5,-0.4468,0.3333,0.6665,0.3142,0.3333,0.3333
0.3,0.3096,0.4736,0.5356,-0.6665,0.3333,0.5713,0.0857,0.5,0.5
0.4736,0.51,0.6133,0.518,-0.4648,0.3333,0.619,0.1714,0.5,0.5
0.4736,0.4524,0.7563,0.518,-0.2817,0.3333,0.619,0.1714,0.5,0.5
0.4055,0.4143,0.627,0.518,-0.4941,0.3333,0.619,0.1428,0.5,0.5
0.587,0.6475,0.843,0.5,-0.456,0.3333,0.6665,0.257,0.5,0.5
0.709,0.819,0.956,0.4822,-0.5205,0.3333,0.7144,0.3713,0.5,0.5
0.587,0.548,0.8047,0.5,-0.518,0.3333,0.6665,0.257,0.3333,0.3333
0.533,0.581,0.6772,0.5,-0.585,0.3333,0.6665,0.2285,0.5,0.5
0.4773,0.4524,0.7607,0.5,-0.426,0.3333,0.6665,0.2,0.5,0.5
0.6226,0.657,0.865,0.4822,-0.5254,0.3333,0.7144,0.3142,0.5,0.5
0.7617,0.857,1.0,0.4644,-0.564,0.3333,0.7617,0.457,0.5,0.5
0.3,0.238,0.2776,0.5894,-0.0,0.5,0.476,0.05713,0.3333,0.3333
0.2,0.1428,0.1632,0.625,0.0,0.5,0.4285,0.02856,0.3333,0.3333
0.4,0.2856,0.1285,0.6606,0.5,0.5,0.4285,0.05713,0.3333,0.3333
0.45,0.3572,0.1879,0.607,0.25,0.5,0.476,0.0857,0.3333,0.3333
0.0,0.0,0.5713,0.643,-0.5,0.5,0.4285,0.0,0.3333,0.3333
0.3,0.238,0.4404,0.607,-0.0,0.5,0.476,0.05713,0.3333,0.3333
0.4614,0.438,0.4453,0.5713,-0.1523,0.5,0.524,0.11426,0.3333,0.3333
0.5454,0.6284,0.6714,0.5356,-0.3333,0.3333,0.5713,0.1714,0.5,0.5
0.36,0.3333,0.3027,0.5537,-0.1957,0.3333,0.524,0.0857,0.3333,0.3333
0.4614,0.4524,0.3647,0.5713,-0.06946,0.5,0.524,0.11426,0.3333,0.3333
0.48,0.548,0.2148,0.5713,-0.1957,0.5,0.524,0.11426,0.3333,0.3333
0.5625,0.643,0.4543,0.5537,-0.2413,0.5,0.5713,0.1714,0.3333,0.3333
0.3157,0.2856,0.0816,0.5713,-0.1111,0.3333,0.476,0.05713,0.3333,0.3333
0.48,0.4285,0.1952,0.5537,0.0435,0.3333,0.524,0.11426,0.3333,0.3333
0.5625,0.524,0.449,0.5356,-0.138,0.3333,0.5713,0.1714,0.3333,0.3333
0.1578,0.1428,0.355,0.5894,-0.1111,0.5,0.476,0.02856,0.3333,0.3333
0.375,0.3809,0.2125,0.5537,-0.2222,0.3333,0.524,0.0857,0.5,0.5
0.5625,0.5,0.533,0.5537,-0.0345,0.5,0.5713,0.1714,0.3333,0.3333
0.484,0.51,0.3875,0.5356,-0.2632,0.3333,0.5713,0.1428,0.5,0.5
0.615,0.6855,0.661,0.518,-0.3333,0.3333,0.619,0.2285,0.5,0.5
0.3872,0.3809,0.4568,0.5356,-0.4238,0.3333,0.5713,0.11426,0.3333,0.3333
0.615,0.6,0.626,0.518,-0.25,0.3333,0.619,0.2285,0.3333,0.3333
0.484,0.5713,0.3003,0.5356,-0.4238,0.3333,0.5713,0.1428,0.3333,0.3333
0.615,0.7046,0.5684,0.518,-0.3333,0.3333,0.619,0.2285,0.3333,0.3333
0.4866,0.533,0.4385,0.518,-0.4941,0.3333,0.619,0.1714,0.5,0.5
0.6523,0.7334,0.7607,0.5,-0.4,0.3333,0.6665,0.2856,0.5,0.5
0.36,0.4285,0.2152,0.5537,-0.4348,0.3333,0.524,0.0857,0.3333,0.3333
0.5557,0.476,0.467,0.607,0.127,0.5,0.524,0.1428,0.1666,0.1666
0.6177,0.538,0.6416,0.5713,-0.138,0.5,0.5713,0.2,0.1666,0.1666
0.4688,0.438,0.6216,0.5356,-0.2413,0.3333,0.5713,0.1428,0.3333,0.3333
0.5454,0.524,0.7485,0.5537,-0.1555,0.5,0.5713,0.1714,0.3333,0.3333
0.4688,0.533,0.4678,0.5356,-0.3447,0.3333,0.5713,0.1428,0.3333,0.3333
0.6,0.6855,0.826,0.518,-0.374,0.3333,0.619,0.2285,0.3333,0.3333
0.675,0.7666,0.7944,0.5356,-0.238,0.5,0.619,0.257,0.3333,0.3333
0.732,0.6523,0.7173,0.5537,-0.1223,0.5,0.619,0.2856,0.1666,0.1666
0.5527,0.6284,0.4941,0.518,-0.3884,0.3333,0.619,0.2,0.3333,0.3333
0.702,0.7954,0.8745,0.5,-0.3726,0.3333,0.6665,0.3142,0.3333,0.3333
0.25,0.238,0.3264,0.5537,-0.2222,0.3333,0.524,0.05713,0.5,0.5
0.3462,0.262,0.6787,0.5713,-0.06946,0.5,0.524,0.0857,0.3333,0.3333
0.4614,0.3809,0.688,0.5894,0.0833,0.5,0.524,0.11426,0.3333,0.3333
0.36,0.3096,0.4402,0.5713,0.0435,0.5,0.524,0.0857,0.3333,0.3333
0.3462,0.262,0.796,0.5894,-0.06946,0.5,0.524,0.0857,0.3333,0.3333
0.24,0.2142,0.705,0.5713,-0.1957,0.5,0.524,0.05713,0.3333,0.3333
0.4688,0.4285,0.7554,0.5537,-0.138,0.5,0.5713,0.1428,0.3333,0.3333
0.3872,0.3904,0.5938,0.5356,-0.2632,0.3333,0.5713,0.11426,0.5,0.5
0.5386,0.5903,0.8706,0.518,-0.3333,0.3333,0.619,0.2,0.5,0.5
0.5527,0.5713,0.594,0.518,-0.2817,0.3333,0.619,0.2,0.5,0.5
0.615,0.681,0.7427,0.5356,-0.25,0.5,0.619,0.2285,0.3333,0.3333
0.615,0.562,0.7646,0.518,-0.1666,0.3333,0.619,0.2285,0.3333,0.3333
0.5527,0.595,0.6333,0.518,-0.2817,0.3333,0.619,0.2,0.5,0.5
0.615,0.5522,0.798,0.5356,-0.0833,0.5,0.619,0.2285,0.3333,0.3333
0.4866,0.51,0.5254,0.518,-0.3447,0.3333,0.619,0.1714,0.5,0.5
0.6523,0.7095,0.8447,0.5,-0.344,0.3333,0.6665,0.2856,0.5,0.5
0.5454,0.5903,0.5503,0.5,-0.5557,0.3333,0.6665,0.2285,0.5,0.5
0.722,0.8145,0.9116,0.4822,-0.4353,0.3333,0.7144,0.3713,0.5,0.5
0.702,0.8,0.7617,0.5,-0.3804,0.3333,0.6665,0.3142,0.3333,0.3333
0.6,0.6475,0.661,0.5,-0.4087,0.3333,0.6665,0.257,0.5,0.5
0.722,0.8145,0.8755,0.4822,-0.4517,0.3333,0.7144,0.3713,0.5,0.5
0.3872,0.3572,0.5005,0.5356,-0.4238,0.3333,0.5713,0.11426,0.3333,0.3333
0.4,0.4048,0.3367,0.5356,-0.3333,0.3333,0.5713,0.11426,0.5,0.5
0.4,0.3572,0.3545,0.5356,0.0,0.3333,0.5713,0.11426,0.5,0.5
0.4866,0.5,0.4958,0.518,-0.3447,0.3333,0.619,0.1714,0.5,0.5
0.4688,0.3572,0.5938,0.5356,-0.2,0.3333,0.5713,0.1428,0.3333,0.3333
0.3872,0.3333,0.5083,0.5356,-0.2203,0.3333,0.5713,0.11426,0.3333,0.3333
0.5527,0.4905,0.612,0.518,-0.1359,0.3333,0.619,0.2,0.3333,0.3333
0.3,0.262,0.591,0.5356,0.0,0.3333,0.5713,0.0857,0.5,0.5
0.4866,0.476,0.541,0.518,-0.1954,0.3333,0.619,0.1714,0.5,0.5
0.4866,0.4285,0.6133,0.518,-0.046,0.3333,0.619,0.1714,0.5,0.5
0.6,0.624,0.7554,0.5,-0.3235,0.3333,0.6665,0.257,0.5,0.5
0.5454,0.5713,0.5986,0.5,-0.426,0.3333,0.6665,0.2285,0.5,0.5
0.6,0.5903,0.766,0.5,-0.2327,0.3333,0.6665,0.257,0.5,0.5
0.5454,0.538,0.68,0.5,-0.2964,0.3333,0.6665,0.2285,0.5,0.5
0.679,0.7236,0.86,0.4822,-0.3982,0.3333,0.7144,0.3428,0.5,0.5
0.7744,0.8477,0.9727,0.4644,-0.4683,0.3333,0.7617,0.457,0.5,0.5
0.6665,0.5713,0.6123,0.45,0.0,0.3333,0.5713,0.2285,0.0,0.0
0.8184,0.7046,0.805,0.425,-0.3,0.3333,0.619,0.3428,0.0,0.0
0.6,0.533,0.561,0.5356,-0.4443,0.5,0.619,0.2285,0.1666,0.1666
0.735,0.6665,0.805,0.5,-0.484,0.3333,0.6665,0.3428,0.1666,0.1666
0.5386,0.5713,0.72,0.518,-0.3333,0.3333,0.619,0.2,0.3333,0.3333
0.6587,0.576,0.7046,0.5356,-0.3093,0.5,0.619,0.257,0.1666,0.1666
0.5386,0.619,0.623,0.518,-0.4167,0.3333,0.619,0.2,0.3333,0.3333
0.6,0.576,0.8413,0.5356,-0.238,0.5,0.619,0.2285,0.3333,0.3333
0.4736,0.438,0.6567,0.518,-0.3884,0.3333,0.619,0.1714,0.3333,0.3333
0.638,0.7095,0.8853,0.5,-0.4275,0.3333,0.6665,0.2856,0.3333,0.3333
0.533,0.495,0.696,0.5,-0.5557,0.3333,0.6665,0.2285,0.3333,0.3333
0.709,0.7905,0.956,0.4822,-0.5,0.3333,0.7144,0.3713,0.3333,0.3333
0.75,0.8286,0.905,0.518,-0.2964,0.5,0.6665,0.3428,0.3333,0.3333
0.6523,0.7095,0.7407,0.5,-0.3494,0.3333,0.6665,0.2856,0.3333,0.3333
0.6523,0.605,0.803,0.5,-0.2651,0.3333,0.6665,0.2856,0.3333,0.3333
0.7637,0.843,0.9487,0.4822,-0.4182,0.3333,0.7144,0.4,0.3333,0.3333
0.796,0.7144,0.7925,0.518,-0.28,0.5,0.6665,0.3713,0.1666,0.1666
0.923,0.8,0.857,0.4,-0.4,0.3333,0.6665,0.457,0.0,0.0
0.75,0.657,0.741,0.518,-0.2727,0.5,0.6665,0.3428,0.1666,0.1666
0.8423,0.7573,0.857,0.4822,-0.4583,0.3333,0.7144,0.457,0.1666,0.1666
0.6,0.6665,0.622,0.5,-0.4358,0.3333,0.6665,0.257,0.3333,0.3333
0.6523,0.7,0.818,0.518,-0.2651,0.5,0.6665,0.2856,0.3333,0.3333
0.6,0.529,0.7725,0.5,-0.1965,0.3333,0.6665,0.257,0.3333,0.3333
0.722,0.7856,0.902,0.4822,-0.4102,0.3333,0.7144,0.3713,0.3333,0.3333
0.8096,0.876,1.0,0.4644,-0.4785,0.3333,0.7617,0.4856,0.3333,0.3333
0.3872,0.4524,0.4836,0.5356,-0.4238,0.3333,0.5713,0.11426,0.3333,0.3333
0.5454,0.4524,0.5835,0.5713,-0.1428,0.5,0.5713,0.1714,0.1666,0.1666
0.484,0.3809,0.4583,0.5356,0.1864,0.3333,0.5713,0.1428,0.3333,0.3333
0.5527,0.595,0.573,0.518,-0.2622,0.3333,0.619,0.2,0.3333,0.3333
0.636,0.5,0.611,0.5894,0.4285,0.5,0.5713,0.2,0.1666,0.1666
0.5454,0.476,0.512,0.5713,-0.1428,0.5,0.5713,0.1714,0.1666,0.1666
0.675,0.576,0.663,0.5537,-0.01111,0.5,0.619,0.257,0.1666,0.1666
0.484,0.5713,0.5083,0.5713,-0.2203,0.5,0.5713,0.1428,0.3333,0.3333
0.3872,0.3333,0.7036,0.5537,-0.01695,0.5,0.5713,0.11426,0.3333,0.3333
0.5527,0.4524,0.736,0.518,-0.00971,0.3333,0.619,0.2,0.3333,0.3333
0.5527,0.619,0.642,0.5356,-0.2622,0.5,0.619,0.2,0.3333,0.3333
0.6523,0.719,0.8335,0.5,-0.3462,0.3333,0.6665,0.2856,0.3333,0.3333
0.375,0.2856,0.7817,0.5537,-0.2,0.5,0.5713,0.11426,0.3333,0.3333
0.2903,0.238,0.832,0.5537,-0.2203,0.5,0.5713,0.0857,0.3333,0.3333
0.4736,0.419,0.823,0.5356,-0.1359,0.5,0.619,0.1714,0.3333,0.3333
0.2,0.1904,0.768,0.5356,-0.3333,0.3333,0.5713,0.05713,0.5,0.5
0.4055,0.3809,0.753,0.518,-0.1954,0.3333,0.619,0.1428,0.5,0.5
0.533,0.5522,0.905,0.5,-0.3235,0.3333,0.6665,0.2285,0.5,0.5
0.6523,0.586,0.857,0.518,-0.0964,0.5,0.6665,0.2856,0.3333,0.3333
0.5454,0.562,0.6616,0.5,-0.2964,0.3333,0.6665,0.2285,0.5,0.5
0.679,0.7144,0.885,0.4822,-0.3347,0.3333,0.7144,0.3428,0.5,0.5
0.4167,0.4285,0.502,0.518,-0.3,0.3333,0.619,0.1428,0.5,0.5
0.5454,0.481,0.77,0.5,-0.03705,0.3333,0.6665,0.2285,0.5,0.5
0.4883,0.476,0.6245,0.5,-0.2727,0.3333,0.6665,0.2,0.5,0.5
0.635,0.6475,0.8413,0.4822,-0.335,0.3333,0.7144,0.3142,0.5,0.5
0.738,0.7905,0.9326,0.4644,-0.4336,0.3333,0.7617,0.4285,0.5,0.5
0.635,0.6523,0.753,0.4822,-0.4385,0.3333,0.7144,0.3142,0.5,0.5
0.679,0.6094,0.8413,0.4822,-0.3357,0.3333,0.7144,0.3428,0.3333,0.3333
0.5884,0.6094,0.6567,0.4822,-0.515,0.3333,0.7144,0.2856,0.5,0.5
0.5884,0.557,0.7734,0.4822,-0.2122,0.3333,0.7144,0.2856,0.5,0.5
0.7,0.7144,0.875,0.4644,-0.4167,0.3333,0.7617,0.4,0.5,0.5
0.8145,0.8716,1.0,0.4465,-0.4922,0.3333,0.8096,0.543,0.5,0.5
0.3333,0.2856,0.733,0.518,0.1333,0.3333,0.619,0.11426,0.5,0.5
0.25,0.2142,0.837,0.518,-0.3,0.3333,0.619,0.0857,0.5,0.5
0.4187,0.3713,0.8096,0.5,-0.01819,0.3333,0.6665,0.1714,0.5,0.5
0.5293,0.514,0.905,0.4822,-0.25,0.3333,0.7144,0.257,0.6665,0.6665
0.4285,0.4285,0.5664,0.5,0.0,0.3333,0.6665,0.1714,0.5,0.6665
0.5884,0.514,0.8286,0.4822,0.0909,0.3333,0.7144,0.2856,0.5,0.5
0.54,0.529,0.6953,0.4822,-0.2,0.3333,0.7144,0.257,0.6665,0.6665
0.661,0.6523,0.865,0.4644,-0.2715,0.3333,0.7617,0.3713,0.6665,0.6665
0.6206,0.6284,0.693,0.4644,-0.6,0.3333,0.7617,0.3428,0.6665,0.6665
0.75,0.7666,0.9204,0.4465,-0.4167,0.3333,0.8096,0.4856,0.6665,0.6665
0.846,0.8857,1.0,0.4285,-0.5,0.3333,0.857,0.6284,0.6665,0.6665
1.0,1.0,0.5713,0.375,1.0,0.1666,0.4285,0.1428,0.0,0.0
0.6,0.7144,0.3015,0.75,0.0,0.6665,0.4285,0.0857,0.1666,0.1666
0.75,0.8335,0.457,0.6787,0.25,0.5,0.476,0.1428,0.1666,0.1666
0.6,0.7144,0.492,0.6787,-0.0,0.6665,0.476,0.11426,0.1666,0.3333
0.6924,0.819,0.663,0.607,-0.1523,0.5,0.524,0.1714,0.1666,0.3333
0.727,0.914,0.8774,0.5356,-0.3333,0.3333,0.5713,0.2285,0.1666,0.5
1.0,0.7144,0.7144,0.375,1.0,0.1666,0.524,0.2856,0.0,0.0
0.75,0.5713,0.543,0.6606,0.4824,0.6665,0.524,0.2,0.1666,0.1666
0.857,0.657,0.643,0.607,0.359,0.5,0.5713,0.2856,0.1666,0.1666
0.727,0.843,0.4644,0.5713,-0.06665,0.5,0.5713,0.2285,0.1666,0.3333
0.8047,0.924,0.619,0.518,-0.2188,0.3333,0.619,0.3142,0.1666,0.3333
0.4736,0.524,0.10315,0.607,-0.1111,0.5,0.476,0.0857,0.3333,0.3333
0.5,0.524,0.1428,0.5537,-0.2222,0.3333,0.524,0.11426,0.3333,0.5
0.6924,0.8096,0.416,0.625,0.0833,0.5,0.524,0.1714,0.1666,0.3333
0.577,0.6904,0.59,0.607,-0.06946,0.5,0.524,0.1428,0.3333,0.3333
0.6,0.6665,0.3435,0.5894,0.0435,0.5,0.524,0.1428,0.3333,0.3333
0.48,0.5713,0.4216,0.5894,-0.1957,0.5,0.524,0.11426,0.3333,0.3333
0.6562,0.7617,0.659,0.5713,-0.138,0.5,0.5713,0.2,0.3333,0.3333
0.5806,0.6523,0.4158,0.5356,-0.2632,0.3333,0.5713,0.1714,0.3333,0.5
0.6924,0.8286,0.791,0.518,-0.3333,0.3333,0.619,0.257,0.3333,0.5
0.5557,0.476,0.717,0.5894,0.0833,0.5,0.524,0.1428,0.3333,0.3333
0.577,0.4524,0.3083,0.5713,0.2361,0.5,0.524,0.1428,0.3333,0.3333
0.636,0.524,0.781,0.5537,0.02222,0.5,0.5713,0.2,0.3333,0.3333
0.5625,0.6523,0.583,0.5537,-0.2413,0.5,0.5713,0.1714,0.3333,0.3333
0.643,0.5713,0.6226,0.643,0.0941,0.6665,0.524,0.1714,0.1666,0.1666
0.706,0.6094,0.684,0.5894,0.069,0.5,0.5713,0.2285,0.1666,0.1666
0.636,0.7383,0.7334,0.5713,-0.1555,0.5,0.5713,0.2,0.3333,0.3333
0.5625,0.6284,0.4092,0.5356,-0.2413,0.3333,0.5713,0.1714,0.3333,0.3333
0.675,0.781,0.8354,0.518,-0.321,0.3333,0.619,0.257,0.3333,0.3333
0.75,0.6,0.85,0.518,0.0714,0.3333,0.619,0.2856,0.3333,0.3333
0.8047,0.6763,0.75,0.5713,0.1583,0.5,0.619,0.3142,0.1666,0.1666
0.6313,0.6763,0.4678,0.518,-0.1359,0.3333,0.619,0.2285,0.3333,0.3333
0.766,0.843,0.8853,0.5,-0.2627,0.3333,0.6665,0.3428,0.3333,0.3333
0.6313,0.7144,0.5923,0.518,-0.2817,0.3333,0.619,0.2285,0.3333,0.5
0.6924,0.7764,0.734,0.5356,-0.1666,0.5,0.619,0.257,0.3333,0.3333
0.6924,0.7905,0.747,0.5537,-0.1666,0.5,0.619,0.257,0.3333,0.3333
0.5674,0.6284,0.43,0.518,-0.3447,0.3333,0.619,0.2,0.3333,0.5
0.7173,0.8286,0.8164,0.5,-0.344,0.3333,0.6665,0.3142,0.3333,0.5
0.614,0.662,0.501,0.5,-0.426,0.3333,0.6665,0.257,0.3333,0.5
0.778,0.8857,0.896,0.4822,-0.389,0.3333,0.7144,0.4,0.3333,0.5
0.5,0.548,0.2654,0.5356,-0.3333,0.3333,0.5713,0.1428,0.3333,0.5
0.6562,0.5,0.378,0.5356,0.4,0.3333,0.5713,0.2,0.3333,0.3333
0.484,0.4285,0.3977,0.5356,-0.01695,0.3333,0.5713,0.1428,0.3333,0.3333
0.5,0.5,0.2705,0.5356,0.0,0.3333,0.5713,0.1428,0.5,0.5
0.5674,0.595,0.4314,0.518,-0.1954,0.3333,0.619,0.2,0.5,0.5
0.5806,0.476,0.3164,0.5356,0.39,0.3333,0.5713,0.1714,0.3333,0.3333
0.6313,0.538,0.5215,0.518,0.1165,0.3333,0.619,0.2285,0.3333,0.3333
0.4,0.3809,0.3735,0.5356,0.0,0.3333,0.5713,0.11426,0.5,0.5
0.5674,0.548,0.4492,0.518,-0.046,0.3333,0.619,0.2,0.5,0.5
0.6665,0.6953,0.6636,0.5,-0.2537,0.3333,0.6665,0.2856,0.5,0.5
0.6665,0.7095,0.711,0.5,-0.2327,0.3333,0.6665,0.2856,0.5,0.5
0.614,0.6094,0.5996,0.5,-0.1666,0.3333,0.6665,0.257,0.5,0.5
0.736,0.7617,0.8657,0.4822,-0.2712,0.3333,0.7144,0.3713,0.5,0.5
0.5,0.5,0.347,0.5356,0.0,0.3333,0.5713,0.1428,0.5,0.5
0.5625,0.6665,0.4502,0.5537,-0.2,0.5,0.5713,0.1714,0.3333,0.3333
0.484,0.548,0.4485,0.5537,-0.2203,0.5,0.5713,0.1428,0.3333,0.3333
0.5806,0.643,0.3674,0.5537,-0.01695,0.5,0.5713,0.1714,0.3333,0.3333
0.6313,0.7046,0.564,0.5356,-0.1359,0.5,0.619,0.2285,0.3333,0.3333
0.4,0.4285,0.4016,0.5356,-0.3333,0.3333,0.5713,0.11426,0.5,0.5
0.5674,0.595,0.4856,0.518,-0.1954,0.3333,0.619,0.2,0.5,0.5
0.6665,0.7427,0.719,0.5,-0.3235,0.3333,0.6665,0.2856,0.5,0.5
0.614,0.657,0.574,0.5,-0.2964,0.3333,0.6665,0.257,0.5,0.5
0.736,0.8096,0.8545,0.4822,-0.3347,0.3333,0.7144,0.3713,0.5,0.5
0.7173,0.619,0.8257,0.5,-0.01205,0.3333,0.6665,0.3142,0.3333,0.3333
0.7173,0.7856,0.7983,0.518,-0.1807,0.5,0.6665,0.3142,0.3333,0.3333
0.8125,0.7,0.7544,0.5356,0.04544,0.5,0.6665,0.3713,0.1666,0.1666
0.6665,0.719,0.6064,0.5,-0.1965,0.3333,0.6665,0.2856,0.3333,0.3333
0.778,0.838,0.9004,0.4822,-0.282,0.3333,0.7144,0.4,0.3333,0.3333
0.5,0.524,0.3738,0.518,-0.3,0.3333,0.619,0.1714,0.5,0.5
0.5674,0.619,0.4082,0.518,-0.0833,0.3333,0.619,0.2,0.3333,0.3333
0.614,0.624,0.6055,0.5,-0.1666,0.3333,0.6665,0.257,0.5,0.5
0.558,0.5713,0.5073,0.5,-0.2727,0.3333,0.6665,0.2285,0.5,0.5
0.6924,0.7427,0.7524,0.4822,-0.335,0.3333,0.7144,0.3428,0.5,0.5
0.787,0.8525,0.921,0.4644,-0.3765,0.3333,0.7617,0.457,0.5,0.5
0.647,0.6714,0.622,0.4822,-0.3635,0.3333,0.7144,0.3142,0.5,0.5
0.6,0.6,0.601,0.4822,-0.2,0.3333,0.7144,0.2856,0.5,0.6665
0.712,0.7427,0.7603,0.4644,-0.3774,0.3333,0.7617,0.4,0.5,0.6665
0.826,0.8857,0.952,0.4465,-0.4167,0.3333,0.8096,0.543,0.5,0.6665
1.0,0.857,0.857,0.375,0.0,0.1666,0.7144,0.5713,0.0,0.0
0.857,0.7427,0.7935,0.5,-0.1194,0.5,0.7144,0.457,0.1666,0.1666
0.923,0.8096,0.857,0.4644,-0.3713,0.3333,0.7617,0.5713,0.1666,0.1666
0.778,0.8286,0.8877,0.5,-0.1904,0.5,0.7144,0.4,0.3333,0.3333
0.736,0.643,0.8447,0.4822,-0.0274,0.3333,0.7144,0.3713,0.3333,0.3333
0.8228,0.8667,0.9424,0.4644,-0.309,0.3333,0.7617,0.4856,0.3333,0.3333
0.887,0.924,1.0,0.4465,-0.382,0.3333,0.8096,0.6,0.3333,0.3333
0.787,0.838,0.919,0.4644,-0.316,0.3333,0.7617,0.457,0.5,0.5
0.6924,0.719,0.7495,0.4822,-0.2329,0.3333,0.7144,0.3428,0.5,0.5
0.6924,0.638,0.808,0.4822,-0.0274,0.3333,0.7144,0.3428,0.5,0.5
0.647,0.619,0.7124,0.4822,-0.0606,0.3333,0.7144,0.3142,0.5,0.5
0.75,0.7573,0.8765,0.4644,-0.25,0.3333,0.7617,0.4285,0.5,0.5
0.826,0.8667,0.958,0.4465,-0.3628,0.3333,0.8096,0.543,0.5,0.5
0.885,0.914,1.0,0.4285,-0.3845,0.3333,0.857,0.657,0.5,0.5
0.614,0.576,0.6196,0.5,-0.03705,0.3333,0.6665,0.257,0.5,0.5
0.614,0.624,0.5874,0.5,-0.1666,0.3333,0.6665,0.257,0.5,0.5
0.4866,0.4285,0.5444,0.518,-0.0833,0.3333,0.619,0.1714,0.3333,0.3333
0.6665,0.581,0.6772,0.5,0.04272,0.3333,0.6665,0.2856,0.3333,0.3333
0.558,0.5713,0.4915,0.5,-0.2727,0.3333,0.6665,0.2285,0.5,0.5
0.6924,0.7095,0.7715,0.4822,-0.2566,0.3333,0.7144,0.3428,0.5,0.5
0.6,0.619,0.5474,0.4822,-0.5,0.3333,0.7144,0.2856,0.6665,0.6665
0.75,0.7856,0.8706,0.4644,-0.3333,0.3333,0.7617,0.4285,0.6665,0.6665
0.5,0.476,0.3833,0.518,0.1333,0.3333,0.619,0.1714,0.5,0.5
0.5,0.476,0.4226,0.518,0.1333,0.3333,0.619,0.1714,0.5,0.5
0.4167,0.4048,0.507,0.518,-0.3,0.3333,0.619,0.1428,0.5,0.5
0.558,0.538,0.5557,0.5,-0.01819,0.3333,0.6665,0.2285,0.5,0.5
0.647,0.657,0.735,0.4822,-0.25,0.3333,0.7144,0.3142,0.6665,0.6665
0.736,0.781,0.764,0.4822,-0.2329,0.3333,0.7144,0.3713,0.3333,0.3333
0.647,0.6855,0.63,0.4822,-0.3635,0.3333,0.7144,0.3142,0.5,0.5
0.75,0.7905,0.851,0.4644,-0.3333,0.3333,0.7617,0.4285,0.5,0.5
0.5,0.5,0.4707,0.5,0.0,0.3333,0.6665,0.2,0.6665,0.6665
0.647,0.6523,0.672,0.4822,-0.2122,0.3333,0.7144,0.3142,0.5,0.5
0.6,0.6,0.6094,0.4822,-0.2,0.3333,0.7144,0.2856,0.6665,0.6665
0.712,0.7236,0.812,0.4644,-0.2715,0.3333,0.7617,0.4,0.6665,0.6665
0.794,0.819,0.923,0.4465,-0.3333,0.3333,0.8096,0.514,0.6665,0.6665
0.6724,0.681,0.6826,0.4644,-0.3333,0.3333,0.7617,0.3713,0.6665,0.6665
0.6724,0.662,0.7266,0.4644,-0.06665,0.3333,0.7617,0.3713,0.6665,0.6665
0.761,0.7715,0.845,0.4465,-0.2966,0.3333,0.8096,0.4856,0.6665,0.6665
0.857,0.8857,0.9785,0.4285,-0.378,0.3333,0.857,0.6284,0.6665,0.6665
0.9067,0.924,1.0,0.4106,-0.3735,0.3333,0.905,0.7427,0.6665,0.6665
0.761,0.7524,0.8716,0.4465,-0.1526,0.3333,0.8096,0.4856,0.6665,0.6665
0.712,0.662,0.8223,0.4644,0.06793,0.3333,0.7617,0.4,0.5,0.5
0.787,0.6855,0.889,0.4644,-0.06665,0.3333,0.7617,0.457,0.3333,0.3333
0.712,0.7144,0.759,0.4644,-0.2427,0.3333,0.7617,0.4,0.5,0.5
0.794,0.7856,0.905,0.4465,-0.2222,0.3333,0.8096,0.514,0.5,0.5
0.829,0.8335,0.931,0.4285,-0.2656,0.3333,0.857,0.6,0.6665,0.6665
0.727,0.7236,0.7524,0.4465,-0.1333,0.3333,0.8096,0.457,0.6665,0.6665
0.8,0.8,0.857,0.4285,-0.2,0.3333,0.857,0.5713,0.8335,0.8335
0.8823,0.8857,0.9644,0.4106,-0.2666,0.3333,0.905,0.7144,0.8335,0.8335
0.9473,0.952,1.0,0.3928,-0.3333,0.3333,0.952,0.857,0.8335,0.8335
1.0,1.0,1.0,0.375,0.0,0.1666,1.0,1.0,1.0,1.0
